epoch,loss,episodes,steps,win count,win_rate,optimal_path_length,suboptimal_steps,total_reward,learning_rate,elapsed_time
0,0.00024677293375134467,100,0,0,0.0,6,94,-1260.4599999999991,0.001,1.305448055267334
1,0.00019921313971281053,100,0,7,0.07,8,92,-1197.039999999999,0.001,2.503350019454956
2,0.000180630162358284,100,0,5,0.05,2,98,-1225.3099999999997,0.001,3.7423288822174072
3,0.0006344029307365417,100,0,7,0.07,2,98,-1217.4299999999994,0.001,4.977216005325317
4,0.00013155275955796243,100,0,5,0.05,10,90,-1216.4499999999994,0.001,6.352245092391968
5,0.00010175106115639209,100,0,0,0.0,3,97,-1262.4599999999994,0.001,7.791225910186768
6,0.0001158913690596819,100,0,1,0.01,7,93,-1248.2299999999996,0.001,9.17196798324585
7,0.00013501165434718132,100,0,3,0.03,7,93,-1234.9899999999993,0.001,10.339374780654907
8,0.00012953936122357844,100,0,2,0.02,11,89,-1237.4499999999994,0.001,11.518836975097656
9,0.00013012658804655074,100,0,0,0.0,7,93,-1260.0499999999997,0.001,12.696775913238525
10,0.00012837776914238929,100,0,11,0.11,6,94,-1125.3899999999999,0.001,13.807456970214844
11,0.0005503887310624123,100,0,8,0.08,2,98,-1172.6699999999996,0.001,14.99436902999878
12,0.000141865573823452,100,0,5,0.05,8,92,-1193.37,0.001,16.19125008583069
13,0.00012510361149907113,100,0,6,0.06,7,93,-1200.0699999999995,0.001,17.348124027252197
14,0.00012399139814078808,100,0,7,0.07,9,91,-1178.0699999999993,0.001,18.499998092651367
15,0.0001226709596812725,100,0,1,0.01,11,89,-1247.3599999999997,0.001,19.6645450592041
16,0.00012220987118780613,100,0,3,0.03,7,93,-1230.6699999999987,0.001,20.858481884002686
17,0.0001216596644371748,100,0,1,0.01,7,93,-1254.8599999999997,0.001,22.06503415107727
18,0.00010428687557578086,100,0,0,0.0,8,92,-1261.279999999999,0.001,23.341731071472168
19,0.00012126659974455834,100,0,1,0.01,13,87,-1252.8799999999994,0.001,24.522105932235718
20,0.00012141438201069832,100,0,0,0.0,12,88,-1260.4999999999989,0.001,25.719447135925293
21,0.00012155834585428238,100,0,5,0.05,9,91,-1213.1499999999992,0.001,26.847100973129272
22,0.00012204015627503395,100,0,1,0.01,6,94,-1248.2299999999993,0.001,28.009882926940918
23,0.00012273534201085568,100,0,8,0.08,7,93,-1189.5599999999995,0.001,29.198513984680176
24,0.00012316805310547352,100,0,9,0.09,9,91,-1178.53,0.001,30.32287287712097
25,0.00012321945279836655,100,0,6,0.06,4,96,-1206.459999999999,0.001,31.444502115249634
26,0.00012495128437876703,100,0,9,0.09,9,91,-1203.6999999999994,0.001,32.580204010009766
27,0.00012579585425555705,100,0,7,0.07,11,89,-1207.4899999999989,0.001,33.71345591545105
28,0.0001278860680758953,100,0,0,0.0,11,89,-1261.8199999999997,0.001,34.86874079704285
29,0.00013038672506809234,100,0,0,0.0,10,90,-1261.9399999999991,0.001,36.11783409118652
30,0.0001324567198753357,100,0,5,0.05,11,89,-1228.4499999999996,0.001,37.375802993774414
31,0.00013369686901569368,100,0,1,0.01,10,90,-1246.319999999999,0.001,38.53604006767273
32,0.00013068186119198798,100,0,3,0.03,9,91,-1231.4999999999995,0.001,39.69012212753296
33,0.00013857580721378328,100,0,2,0.02,8,92,-1241.3099999999993,0.001,40.85301613807678
34,0.00013545825146138668,100,0,7,0.07,5,95,-1198.5599999999997,0.001,41.98644304275513
35,0.00014301318675279616,100,0,9,0.09,8,92,-1171.3599999999994,0.001,43.11828899383545
36,0.0008720430731773376,100,0,12,0.12,5,95,-1149.4199999999994,0.001,44.259140968322754
37,0.0001403297670185566,100,0,10,0.1,3,97,-1168.3399999999992,0.001,45.385241985321045
38,0.0001483244076371193,100,0,10,0.1,3,97,-1166.2499999999993,0.001,46.49275803565979
39,0.00014967029914259911,100,0,13,0.13,13,87,-1132.2999999999995,0.001,47.5794780254364
40,0.00014924516901373863,100,0,10,0.1,12,88,-1156.8499999999995,0.001,48.67936396598816
41,0.0001602403074502945,100,0,11,0.11,9,91,-1155.23,0.001,49.788326025009155
42,0.00016718920320272446,100,0,9,0.09,8,92,-1179.4499999999998,0.001,50.947755098342896
43,0.00017528373748064042,100,0,8,0.08,4,96,-1202.1899999999994,0.001,52.10920000076294
44,0.00018084710463881493,100,0,6,0.06,11,89,-1193.4499999999998,0.001,53.25418996810913
45,0.0010961747914552688,100,0,5,0.05,4,96,-1221.9999999999989,0.001,54.40749382972717
46,0.00019937679171562196,100,0,5,0.05,9,91,-1227.6199999999992,0.001,55.55858111381531
47,0.00017403647303581237,100,0,6,0.06,4,96,-1207.5999999999997,0.001,56.6885290145874
48,0.0001845220848917961,100,0,15,0.15,5,95,-1140.0399999999995,0.001,57.75780892372131
49,0.00020699290558695793,100,0,7,0.07,8,92,-1185.3599999999997,0.001,58.89639496803284
50,0.0013514991104602815,100,0,6,0.06,2,98,-1204.2799999999995,0.001,60.05152702331543
51,0.0002492722123861313,100,0,8,0.08,5,95,-1186.0799999999997,0.001,61.1574649810791
52,0.00021247543394565583,100,0,12,0.12,6,94,-1162.7599999999995,0.001,62.26273202896118
53,0.00023182271048426627,100,0,11,0.11,12,88,-1150.779999999999,0.001,63.34916400909424
54,0.0002531326375901699,100,0,7,0.07,10,90,-1169.2799999999993,0.001,64.44062113761902
55,0.00026694055646657943,100,0,6,0.06,6,94,-1203.6499999999992,0.001,65.56927490234375
56,0.0002746404334902763,100,0,8,0.08,10,90,-1185.6499999999996,0.001,66.69532179832458
57,0.0002529483288526535,100,0,8,0.08,4,96,-1193.6599999999999,0.001,67.8125410079956
58,0.00030471958220005033,100,0,6,0.06,3,97,-1200.6399999999994,0.001,68.930104970932
59,0.00030168402940034867,100,0,3,0.03,2,98,-1226.3699999999994,0.001,70.0645899772644
60,0.0003326547145843506,100,0,4,0.04,6,94,-1219.6999999999991,0.001,71.19463896751404
61,0.0003423532098531723,100,0,2,0.02,4,96,-1248.4999999999998,0.001,72.4022421836853
62,0.00035924676805734637,100,0,1,0.01,12,88,-1252.469999999999,0.001,74.37735605239868
63,0.000375671423971653,100,0,0,0.0,13,87,-1261.809999999999,0.001,75.65132284164429
64,0.00039012957364320755,100,0,0,0.0,8,92,-1261.5499999999993,0.001,76.94537401199341
65,0.000383933037519455,100,0,5,0.05,8,92,-1209.3799999999994,0.001,78.15299415588379
66,0.0003867888078093529,100,0,9,0.09,5,95,-1187.7099999999987,0.001,79.2931399345398
67,0.00035743966698646544,100,0,9,0.09,5,95,-1169.1399999999994,0.001,80.42656707763672
68,0.00042213506996631624,100,0,5,0.05,4,96,-1233.8199999999993,0.001,81.64076590538025
69,0.0017663896083831786,100,0,8,0.08,2,98,-1159.0699999999997,0.001,82.76412081718445
70,0.002008005380630493,100,0,15,0.15,2,98,-1106.7899999999995,0.001,83.85195708274841
71,0.0003942927718162537,100,0,12,0.12,9,91,-1154.23,0.001,84.98002791404724
72,0.00035184163600206377,100,0,15,0.15,9,91,-1129.6799999999998,0.001,86.08650493621826
73,0.001522989273071289,100,0,8,0.08,5,95,-1188.2099999999991,0.001,87.23136687278748
74,0.0003002922609448433,100,0,12,0.12,6,94,-1151.59,0.001,88.36776614189148
75,0.00027477528899908063,100,0,12,0.12,10,90,-1156.0799999999995,0.001,89.494225025177
76,0.00023931488394737243,100,0,13,0.13,12,88,-1132.4699999999996,0.001,90.55465698242188
77,0.0002553977817296982,100,0,9,0.09,12,88,-1165.3199999999995,0.001,91.61922311782837
78,0.00026676204055547714,100,0,10,0.1,8,92,-1172.1699999999998,0.001,92.70990705490112
79,0.00025060683488845823,100,0,10,0.1,9,91,-1148.1699999999994,0.001,93.77417802810669
80,0.0002516158483922482,100,0,12,0.12,9,91,-1114.4699999999998,0.001,94.80209684371948
81,0.0002469036728143692,100,0,15,0.15,7,93,-1117.3399999999997,0.001,95.86288213729858
82,0.0002667001076042652,100,0,14,0.14,11,89,-1133.6799999999996,0.001,96.92335891723633
83,0.00028980057686567307,100,0,12,0.12,8,92,-1150.0199999999993,0.001,97.99921894073486
84,0.00029799893498420714,100,0,11,0.11,10,90,-1149.56,0.001,99.06617593765259
85,0.0003278210759162903,100,0,14,0.14,8,92,-1111.4000000000003,0.001,100.10129499435425
86,0.0003655770793557167,100,0,14,0.14,9,91,-1122.4899999999998,0.001,101.14516687393188
87,0.00037454895675182343,100,0,12,0.12,10,90,-1146.8399999999997,0.001,102.19960713386536
88,0.00041358459740877153,100,0,15,0.15,9,91,-1174.1899999999996,0.001,103.32833790779114
89,0.001791253536939621,100,0,11,0.11,3,97,-1158.7299999999996,0.001,104.44640493392944
90,0.00046887148171663283,100,0,7,0.07,8,92,-1209.1199999999997,0.001,105.58542108535767
91,0.0004733153805136681,100,0,10,0.1,9,91,-1177.73,0.001,106.7716281414032
92,0.0022111186385154725,100,0,12,0.12,2,98,-1135.7599999999995,0.001,107.83683681488037
93,0.0004230881854891777,100,0,14,0.14,11,89,-1132.3499999999997,0.001,108.90398001670837
94,0.0004289008304476738,100,0,10,0.1,11,89,-1156.9999999999998,0.001,109.98604798316956
95,0.0016929017007350923,100,0,17,0.17,5,95,-1081.31,0.001,111.0443160533905
96,0.00039770778268575667,100,0,9,0.09,9,91,-1168.6599999999994,0.001,112.11985898017883
97,0.00037488903850317,100,0,10,0.1,9,91,-1166.3999999999999,0.001,113.22338008880615
98,0.00032274842262268065,100,0,9,0.09,3,97,-1180.4099999999999,0.001,114.30768704414368
99,0.000351414866745472,100,0,6,0.06,7,93,-1198.8099999999997,0.001,115.4042592048645
100,0.00034010153263807296,100,0,13,0.13,8,92,-1125.0599999999995,0.001,116.45232486724854
101,0.0003352659568190575,100,0,15,0.15,4,96,-1140.02,0.001,117.51835799217224
102,0.00034333568066358567,100,0,14,0.14,3,97,-1118.2699999999998,0.001,118.70359396934509
103,0.00034492157399654386,100,0,9,0.09,12,88,-1183.9299999999996,0.001,120.3293468952179
104,0.00035666145384311677,100,0,16,0.16,9,91,-1076.4999999999998,0.001,121.59564018249512
105,0.00037092842161655425,100,0,11,0.11,7,93,-1150.5199999999995,0.001,122.78454399108887
106,0.0016047273576259612,100,0,13,0.13,6,94,-1144.3599999999997,0.001,123.99814295768738
107,0.0018175964057445526,100,0,17,0.17,2,98,-1078.3799999999997,0.001,125.15445399284363
108,0.0003801074624061585,100,0,9,0.09,13,87,-1168.6899999999998,0.001,126.38416314125061
109,0.00033986087888479235,100,0,14,0.14,9,91,-1112.4899999999996,0.001,127.49566698074341
110,0.0003546552732586861,100,0,13,0.13,10,90,-1145.8299999999997,0.001,128.61345386505127
111,0.00036443639546632765,100,0,11,0.11,4,96,-1132.4399999999996,0.001,129.7747039794922
112,0.0003469889611005783,100,0,13,0.13,12,88,-1134.1699999999994,0.001,130.8638038635254
113,0.00036358200013637544,100,0,15,0.15,7,93,-1111.29,0.001,131.93957996368408
114,0.0003265012800693512,100,0,20,0.2,10,90,-1029.35,0.001,132.94205904006958
115,0.0003655776381492615,100,0,17,0.17,8,92,-1074.8899999999994,0.001,134.07373905181885
116,0.0003805355355143547,100,0,16,0.16,8,92,-1104.0399999999997,0.001,135.22429299354553
117,0.0003758088871836662,100,0,15,0.15,7,93,-1101.6000000000004,0.001,136.2782678604126
118,0.0004171212017536163,100,0,16,0.16,5,95,-1093.01,0.001,137.31984996795654
119,0.0004151753708720207,100,0,16,0.16,8,92,-1105.2399999999996,0.001,138.36318111419678
120,0.0004220745712518692,100,0,16,0.16,6,94,-1117.6599999999996,0.001,139.43591785430908
121,0.0004651254415512085,100,0,13,0.13,8,92,-1135.2599999999998,0.001,140.4982841014862
122,0.00038193877786397935,100,0,13,0.13,3,97,-1129.349999999999,0.001,141.5592761039734
123,0.0018901461362838745,100,0,10,0.1,4,96,-1163.9699999999996,0.001,142.64781594276428
124,0.00048326585441827775,100,0,12,0.12,9,91,-1133.9499999999996,0.001,143.72732496261597
125,0.0004972465708851814,100,0,10,0.1,13,87,-1171.4399999999996,0.001,144.83568382263184
126,0.0005042712017893791,100,0,10,0.1,9,91,-1156.8099999999995,0.001,145.92355513572693
127,0.0005018362030386925,100,0,11,0.11,9,91,-1177.2399999999993,0.001,147.03042483329773
128,0.0004850887507200241,100,0,12,0.12,4,96,-1160.9499999999998,0.001,148.13594388961792
129,0.0005978494882583618,100,0,11,0.11,6,94,-1139.509999999999,0.001,149.2593710422516
130,0.002123396545648575,100,0,13,0.13,3,97,-1137.1799999999996,0.001,150.3419270515442
131,0.00048375844955444335,100,0,11,0.11,7,93,-1182.1099999999997,0.001,151.47125792503357
132,0.00048657014966011045,100,0,12,0.12,4,96,-1139.1299999999999,0.001,152.5392529964447
133,0.0016696225106716156,100,0,13,0.13,4,96,-1128.5799999999992,0.001,153.607360124588
134,0.0003391682356595993,100,0,15,0.15,6,94,-1106.1999999999996,0.001,154.65377688407898
135,0.00039762504398822786,100,0,15,0.15,12,88,-1109.6699999999992,0.001,155.70669507980347
136,0.000389663502573967,100,0,16,0.16,6,94,-1067.1699999999998,0.001,156.7113790512085
137,0.00038392722606658933,100,0,12,0.12,12,88,-1120.3299999999995,0.001,157.77653002738953
138,0.00037651147693395614,100,0,11,0.11,9,91,-1138.6100000000006,0.001,158.875629901886
139,0.00035596340894699096,100,0,11,0.11,9,91,-1164.8899999999994,0.001,159.97045302391052
140,0.00036075104027986525,100,0,12,0.12,11,89,-1117.7799999999995,0.001,161.0187029838562
141,0.0003505241498351097,100,0,15,0.15,10,90,-1124.2499999999998,0.001,162.09806299209595
142,0.00033493757247924803,100,0,17,0.17,12,88,-1106.5600000000002,0.001,163.14658999443054
143,0.00038674447685480115,100,0,9,0.09,7,93,-1192.79,0.001,164.32928490638733
144,0.00037762664258480074,100,0,12,0.12,9,91,-1125.6399999999994,0.001,165.46044301986694
145,0.000367065817117691,100,0,12,0.12,6,94,-1156.5699999999997,0.001,167.06947803497314
146,0.000364442951977253,100,0,13,0.13,11,89,-1121.2099999999998,0.001,168.73135900497437
147,0.00043543320149183276,100,0,11,0.11,11,89,-1153.6599999999996,0.001,170.11010313034058
148,0.0002811719663441181,100,0,9,0.09,7,93,-1170.8599999999994,0.001,171.2677619457245
149,0.00043705243617296217,100,0,10,0.1,12,88,-1167.9499999999996,0.001,172.40605401992798
150,0.00039868846535682676,100,0,7,0.07,12,88,-1192.3999999999996,0.001,173.70796918869019
151,0.00046261925250291826,100,0,6,0.06,8,92,-1184.5999999999995,0.001,174.8668417930603
152,0.0004669009894132614,100,0,6,0.06,2,98,-1192.2999999999995,0.001,176.04425811767578
153,0.0004782024025917053,100,0,6,0.06,8,92,-1208.4299999999994,0.001,177.32178497314453
154,0.0023384431004524232,100,0,7,0.07,4,96,-1194.0299999999993,0.001,178.6264989376068
155,0.0017747102677822112,100,0,10,0.1,7,93,-1166.6900000000003,0.001,179.8937749862671
156,0.00044756419956684115,100,0,11,0.11,9,91,-1138.4999999999998,0.001,181.09703087806702
157,0.0003867549449205399,100,0,17,0.17,9,91,-1104.2599999999995,0.001,182.30636501312256
158,0.0003774066269397736,100,0,15,0.15,3,97,-1119.7099999999998,0.001,183.4546480178833
159,0.0003562471643090248,100,0,12,0.12,8,92,-1121.0099999999993,0.001,184.66705322265625
160,0.00028088876977562906,100,0,14,0.14,9,91,-1107.4899999999998,0.001,185.84173798561096
161,0.00031677253544330595,100,0,15,0.15,8,92,-1114.2,0.001,187.04681301116943
162,0.00033755790442228315,100,0,14,0.14,12,88,-1112.6199999999997,0.001,188.57152700424194
163,0.0003436042368412018,100,0,13,0.13,8,92,-1105.71,0.001,189.76149988174438
164,0.00034228954464197157,100,0,10,0.1,10,90,-1143.8999999999992,0.001,190.88970184326172
165,0.0003280114009976387,100,0,18,0.18,6,94,-1062.6399999999996,0.001,191.9121549129486
166,0.0003695900365710259,100,0,12,0.12,9,91,-1127.95,0.001,192.99106907844543
167,0.00038427688181400297,100,0,11,0.11,8,92,-1150.6199999999997,0.001,194.1560778617859
168,0.00038459103554487227,100,0,12,0.12,13,87,-1151.7199999999993,0.001,195.25692915916443
169,0.00039850786328315735,100,0,8,0.08,10,90,-1201.6200000000001,0.001,196.4132318496704
170,0.00039338622242212295,100,0,16,0.16,7,93,-1082.3799999999994,0.001,197.50100111961365
171,0.0004510699212551117,100,0,14,0.14,3,97,-1121.8900000000003,0.001,198.64522981643677
172,0.0017257621884346009,100,0,14,0.14,4,96,-1150.7899999999995,0.001,199.75368309020996
173,0.00046173203736543655,100,0,9,0.09,6,94,-1173.2399999999996,0.001,200.8683099746704
174,0.0017318975925445556,100,0,14,0.14,7,93,-1114.9599999999998,0.001,201.92981004714966
175,0.0017943978309631348,100,0,11,0.11,5,95,-1145.9899999999996,0.001,203.0190670490265
176,0.00042456496506929395,100,0,12,0.12,10,90,-1143.5400000000002,0.001,204.12954807281494
177,0.00039595291018486024,100,0,9,0.09,13,87,-1162.8599999999997,0.001,205.24772095680237
178,0.0003924360126256943,100,0,15,0.15,12,88,-1108.3599999999997,0.001,206.32182002067566
179,0.00039372555911540983,100,0,19,0.19,5,95,-1050.3100000000002,0.001,207.3377389907837
180,0.00039130035787820816,100,0,15,0.15,7,93,-1097.6799999999998,0.001,208.42635798454285
181,0.00038155220448970794,100,0,19,0.19,4,96,-1067.7899999999995,0.001,209.47469401359558
182,0.00037882380187511446,100,0,11,0.11,10,90,-1172.8699999999994,0.001,210.59903502464294
183,0.0015618482232093811,100,0,13,0.13,3,97,-1132.4599999999994,0.001,211.69091701507568
184,0.001686876267194748,100,0,11,0.11,6,94,-1160.1299999999994,0.001,212.7966878414154
185,0.00039322104305028916,100,0,7,0.07,13,87,-1231.9899999999996,0.001,213.98046898841858
186,0.00037653204053640367,100,0,13,0.13,11,89,-1157.1999999999994,0.001,215.09549808502197
187,0.000374898724257946,100,0,12,0.12,4,96,-1174.1299999999994,0.001,216.21998810768127
188,0.00036343276500701906,100,0,16,0.16,4,96,-1109.0499999999993,0.001,217.294823884964
189,0.00037059199064970016,100,0,11,0.11,9,91,-1132.38,0.001,218.39805603027344
190,0.00036745525896549226,100,0,13,0.13,10,90,-1157.7099999999994,0.001,219.51680994033813
191,0.00036761201918125155,100,0,15,0.15,13,87,-1107.0399999999995,0.001,220.58792090415955
192,0.00038262300193309785,100,0,6,0.06,5,95,-1211.8599999999994,0.001,221.7296588420868
193,0.000399453341960907,100,0,11,0.11,7,93,-1173.3400000000001,0.001,222.85085487365723
194,0.0004067043587565422,100,0,11,0.11,7,93,-1142.1899999999996,0.001,224.0087308883667
195,0.0004014605283737183,100,0,10,0.1,11,89,-1174.9999999999993,0.001,225.1454520225525
196,0.0004127953574061394,100,0,14,0.14,10,90,-1111.0799999999997,0.001,226.2212610244751
197,0.0004331834614276886,100,0,11,0.11,11,89,-1157.8899999999999,0.001,227.34140014648438
198,0.0004132261127233505,100,0,10,0.1,2,98,-1157.8599999999994,0.001,228.44894790649414
199,0.0004557564854621887,100,0,10,0.1,8,92,-1169.9799999999998,0.001,229.5760200023651
200,0.0004614495486021042,100,0,7,0.07,10,90,-1203.2799999999993,0.001,230.71879982948303
201,0.00047781020402908324,100,0,8,0.08,10,90,-1183.9599999999994,0.001,231.83896803855896
202,0.00036968853324651716,100,0,11,0.11,7,93,-1179.0599999999995,0.001,232.95776200294495
203,0.0005237988382577896,100,0,7,0.07,4,96,-1218.8699999999992,0.001,234.12130999565125
204,0.0005477328225970268,100,0,6,0.06,8,92,-1214.0599999999986,0.001,235.28894710540771
205,0.0005131224170327187,100,0,9,0.09,3,97,-1202.479999999999,0.001,236.4277539253235
206,0.0005733341351151466,100,0,7,0.07,8,92,-1218.769999999999,0.001,237.58137893676758
207,0.0005765377730131149,100,0,3,0.03,7,93,-1252.069999999999,0.001,238.83033514022827
208,0.0005354666337370873,100,0,7,0.07,7,93,-1199.4299999999996,0.001,240.0026969909668
209,0.0005287840962409973,100,0,10,0.1,11,89,-1193.6299999999992,0.001,241.42485094070435
210,0.0005749799683690071,100,0,5,0.05,12,88,-1211.6699999999996,0.001,243.02186608314514
211,0.0005704494193196297,100,0,5,0.05,8,92,-1220.0799999999992,0.001,244.34074902534485
212,0.0005735896155238152,100,0,1,0.01,9,91,-1257.7799999999993,0.001,245.61024808883667
213,0.000562557727098465,100,0,1,0.01,9,91,-1252.2399999999993,0.001,246.85798001289368
214,0.0005533389374613762,100,0,2,0.02,5,95,-1242.7599999999993,0.001,248.07554006576538
215,0.0005305957421660423,100,0,3,0.03,9,91,-1237.649999999999,0.001,249.26343297958374
216,0.0005295637249946594,100,0,3,0.03,8,92,-1235.5599999999993,0.001,250.42443299293518
217,0.0005176693946123123,100,0,3,0.03,2,98,-1245.9199999999994,0.001,251.59725499153137
218,0.0005238275229930878,100,0,3,0.03,4,96,-1233.289999999999,0.001,252.7703549861908
219,0.0005194022879004478,100,0,0,0.0,11,89,-1259.8599999999988,0.001,253.9901659488678
220,0.0005200622230768204,100,0,0,0.0,6,94,-1261.2799999999993,0.001,255.20395708084106
221,0.0005032107979059219,100,0,3,0.03,10,90,-1236.2099999999991,0.001,256.37207984924316
222,0.0005113931745290756,100,0,1,0.01,9,91,-1248.3999999999999,0.001,257.5653500556946
223,0.00047802958637475966,100,0,2,0.02,4,96,-1236.7199999999991,0.001,258.7625799179077
224,0.0004904450476169586,100,0,3,0.03,8,92,-1234.4599999999996,0.001,259.9028649330139
225,0.0004821907356381416,100,0,3,0.03,11,89,-1241.829999999999,0.001,261.0558648109436
226,0.0005103091523051262,100,0,2,0.02,8,92,-1239.9299999999994,0.001,262.21497893333435
227,0.0005044209584593773,100,0,4,0.04,3,97,-1224.8899999999999,0.001,263.3576560020447
228,0.0004931465536355972,100,0,3,0.03,9,91,-1237.4700000000003,0.001,264.5129008293152
229,0.000517287515103817,100,0,1,0.01,4,96,-1246.5699999999993,0.001,265.6855959892273
230,0.0004478375241160393,100,0,2,0.02,6,94,-1248.0399999999993,0.001,266.8496870994568
231,0.0004791347309947014,100,0,3,0.03,9,91,-1231.3499999999997,0.001,267.99194979667664
232,0.0004516611993312836,100,0,1,0.01,7,93,-1256.57,0.001,269.20742201805115
233,0.0004455285519361496,100,0,2,0.02,3,97,-1237.8799999999992,0.001,270.3563961982727
234,0.00045165311545133593,100,0,3,0.03,7,93,-1238.0699999999995,0.001,271.5017900466919
235,0.00047081787139177325,100,0,1,0.01,12,88,-1250.639999999999,0.001,272.6611421108246
236,0.0004904812201857566,100,0,3,0.03,11,89,-1240.1299999999999,0.001,273.83676385879517
237,0.0006634452193975449,100,0,3,0.03,5,95,-1228.9999999999989,0.001,274.98126912117004
238,0.0005229887738823891,100,0,3,0.03,9,91,-1234.1199999999992,0.001,276.1440918445587
239,0.0005082210525870323,100,0,4,0.04,8,92,-1208.0199999999995,0.001,277.2967188358307
240,0.0005708379298448563,100,0,0,0.0,2,98,-1259.7699999999993,0.001,278.50947999954224
241,0.0005618983507156372,100,0,0,0.0,6,94,-1260.7599999999993,0.001,279.70675802230835
242,0.0005536277964711189,100,0,0,0.0,10,90,-1262.349999999999,0.001,280.87988781929016
243,0.0005435791611671448,100,0,0,0.0,9,91,-1261.2799999999997,0.001,282.0425968170166
244,0.0005292492732405662,100,0,2,0.02,8,92,-1242.849999999999,0.001,283.208820104599
245,0.0005222583562135697,100,0,0,0.0,4,96,-1260.3199999999993,0.001,284.44385600090027
246,0.0005100295320153237,100,0,0,0.0,6,94,-1260.97,0.001,285.61487007141113
247,0.00048229143023490904,100,0,0,0.0,10,90,-1261.98,0.001,286.77821016311646
248,0.0004841100051999092,100,0,0,0.0,5,95,-1259.0999999999997,0.001,287.93777203559875
249,0.0004660211130976677,100,0,0,0.0,12,88,-1261.7399999999993,0.001,289.1129801273346
250,0.000458434633910656,100,0,0,0.0,10,90,-1261.2499999999995,0.001,290.2827410697937
251,0.00045574035495519636,100,0,0,0.0,8,92,-1261.1699999999996,0.001,291.4684510231018
252,0.0004523345455527306,100,0,0,0.0,4,96,-1260.5899999999995,0.001,292.63041377067566
253,0.00045908864587545394,100,0,0,0.0,11,89,-1260.6999999999991,0.001,293.8006360530853
254,0.00046255603432655335,100,0,1,0.01,8,92,-1247.3699999999994,0.001,294.95609307289124
255,0.0004640012979507446,100,0,6,0.06,7,93,-1188.9499999999994,0.001,296.0621860027313
256,0.0017861397564411163,100,0,10,0.1,5,95,-1180.7799999999995,0.001,297.1654510498047
257,0.0004399939626455307,100,0,9,0.09,7,93,-1174.2899999999995,0.001,298.26850485801697
258,0.0004217272624373436,100,0,14,0.14,10,90,-1121.6699999999996,0.001,299.3760070800781
259,0.001954034119844437,100,0,13,0.13,2,98,-1097.6899999999994,0.001,300.4167950153351
260,0.00036911070346832273,100,0,14,0.14,13,87,-1126.8999999999996,0.001,301.49043798446655
261,0.0003536371514201164,100,0,15,0.15,5,95,-1134.0199999999998,0.001,302.5832619667053
262,0.0003331083431839943,100,0,15,0.15,9,91,-1115.6999999999998,0.001,303.6956899166107
263,0.0003393383324146271,100,0,9,0.09,6,94,-1180.1099999999997,0.001,304.87007212638855
264,0.00029034558683633805,100,0,13,0.13,12,88,-1130.34,0.001,305.9571030139923
265,0.0015186312794685363,100,0,16,0.16,3,97,-1115.7999999999995,0.001,307.06558299064636
266,0.0003290075808763504,100,0,14,0.14,8,92,-1101.1799999999996,0.001,308.1185510158539
267,0.0003101874887943268,100,0,11,0.11,9,91,-1135.8699999999997,0.001,309.2017779350281
268,0.0015867032110691071,100,0,12,0.12,2,98,-1133.2699999999995,0.001,310.2832889556885
269,0.0003123542480170727,100,0,11,0.11,9,91,-1137.11,0.001,311.3584351539612
270,0.00029084835201501844,100,0,10,0.1,4,96,-1172.1099999999997,0.001,312.45759296417236
271,0.0003067351132631302,100,0,9,0.09,13,87,-1169.8699999999994,0.001,313.57197403907776
272,0.00030028246343135836,100,0,15,0.15,6,94,-1094.6599999999999,0.001,314.6392469406128
273,0.00029175886884331704,100,0,12,0.12,6,94,-1157.7199999999996,0.001,315.73971581459045
274,0.0003300691395998001,100,0,12,0.12,9,91,-1161.1099999999992,0.001,316.83839297294617
275,0.00034353174269199374,100,0,16,0.16,4,96,-1089.8499999999995,0.001,317.88559222221375
276,0.0003313308954238892,100,0,13,0.13,7,93,-1120.3999999999994,0.001,318.9469919204712
277,0.0003802831843495369,100,0,16,0.16,8,92,-1123.8100000000004,0.001,320.00063490867615
278,0.0004079781472682953,100,0,12,0.12,7,93,-1132.29,0.001,321.07023906707764
279,0.00042664557695388795,100,0,10,0.1,12,88,-1157.3199999999997,0.001,322.1627039909363
280,0.0003734606131911278,100,0,13,0.13,8,92,-1125.7899999999993,0.001,323.22349190711975
281,0.0004937627911567688,100,0,13,0.13,5,95,-1142.51,0.001,324.3037440776825
282,0.00043763957917690276,100,0,11,0.11,10,90,-1128.8299999999995,0.001,325.370845079422
283,0.0004915318265557289,100,0,8,0.08,8,92,-1180.0299999999995,0.001,326.4800159931183
284,0.0005249030515551567,100,0,9,0.09,8,92,-1171.9599999999994,0.001,327.75676012039185
285,0.0005547362938523293,100,0,13,0.13,6,94,-1139.6099999999997,0.001,329.11316895484924
286,0.0005060393363237381,100,0,6,0.06,4,96,-1211.2399999999993,0.001,330.38030099868774
287,0.000525515154004097,100,0,11,0.11,6,94,-1180.8399999999992,0.001,331.60753107070923
288,0.0005620716139674187,100,0,4,0.04,3,97,-1231.6799999999992,0.001,332.8575098514557
289,0.0003976332023739815,100,0,14,0.14,13,87,-1152.3999999999999,0.001,334.2665801048279
290,0.00046079877763986586,100,0,10,0.1,7,93,-1171.5299999999995,0.001,335.583251953125
291,0.0005768514052033424,100,0,9,0.09,7,93,-1205.5799999999995,0.001,336.9073040485382
292,0.0005657370388507843,100,0,7,0.07,5,95,-1221.059999999999,0.001,338.132532119751
293,0.000485185906291008,100,0,11,0.11,9,91,-1185.269999999999,0.001,339.39673495292664
294,0.0004998121783137321,100,0,9,0.09,6,94,-1190.3999999999992,0.001,340.6808910369873
295,0.0005396855995059013,100,0,8,0.08,9,91,-1195.1699999999994,0.001,341.8245439529419
296,0.0004832030460238457,100,0,6,0.06,13,87,-1229.269999999999,0.001,342.98059701919556
297,0.0005254991352558136,100,0,6,0.06,6,94,-1210.129999999999,0.001,344.1763699054718
298,0.0005272357538342476,100,0,9,0.09,8,92,-1190.1399999999994,0.001,345.3039309978485
299,0.0005185619741678238,100,0,6,0.06,8,92,-1218.9399999999994,0.001,346.4393529891968
300,0.00050648033618927,100,0,8,0.08,8,92,-1216.9599999999998,0.001,347.5838658809662
301,0.0005084198713302613,100,0,7,0.07,9,91,-1212.629999999999,0.001,348.7211630344391
302,0.0005039528757333756,100,0,8,0.08,6,94,-1194.3599999999994,0.001,349.8400168418884
303,0.000500795878469944,100,0,8,0.08,6,94,-1203.9699999999993,0.001,350.98053884506226
304,0.0004828771948814392,100,0,8,0.08,7,93,-1212.4199999999996,0.001,352.11116194725037
305,0.000493299551308155,100,0,6,0.06,12,88,-1213.519999999999,0.001,353.2389991283417
306,0.0005120396614074707,100,0,5,0.05,6,94,-1218.8799999999994,0.001,354.3765780925751
307,0.00048444997519254686,100,0,9,0.09,12,88,-1205.0299999999995,0.001,355.5062940120697
308,0.0005242213979363441,100,0,8,0.08,13,87,-1200.6499999999992,0.001,356.6262240409851
309,0.00045907702296972276,100,0,8,0.08,12,88,-1207.9799999999996,0.001,357.7442669868469
310,0.0004936154931783676,100,0,5,0.05,2,98,-1223.7899999999995,0.001,358.934828042984
311,0.0005127767845988274,100,0,7,0.07,10,90,-1236.3499999999997,0.001,360.1130759716034
312,0.0005295504257082939,100,0,6,0.06,7,93,-1224.649999999999,0.001,361.25446605682373
313,0.0005033931508660317,100,0,5,0.05,7,93,-1210.209999999999,0.001,362.39102482795715
314,0.0004972726106643677,100,0,7,0.07,9,91,-1193.7899999999995,0.001,363.5182158946991
315,0.0005256682634353638,100,0,7,0.07,13,87,-1215.6699999999992,0.001,364.6483199596405
316,0.0005569964274764061,100,0,5,0.05,9,91,-1221.1699999999994,0.001,365.8035569190979
317,0.000498565435409546,100,0,12,0.12,10,90,-1170.269999999999,0.001,366.9001109600067
318,0.00046483512967824934,100,0,12,0.12,7,93,-1165.2699999999993,0.001,368.09856390953064
319,0.0005441619455814361,100,0,8,0.08,12,88,-1195.3399999999995,0.001,369.4068570137024
320,0.0004957222566008568,100,0,8,0.08,12,88,-1193.0499999999993,0.001,370.67914295196533
321,0.0022080206871032716,100,0,8,0.08,7,93,-1232.2499999999995,0.001,371.9104640483856
322,0.0005836200714111328,100,0,8,0.08,8,92,-1198.4699999999996,0.001,373.1980619430542
323,0.0005945363268256188,100,0,4,0.04,3,97,-1232.509999999999,0.001,374.59432888031006
324,0.000581292062997818,100,0,6,0.06,8,92,-1207.7799999999993,0.001,375.82737493515015
325,0.001962779611349106,100,0,4,0.04,4,96,-1225.429999999999,0.001,377.00011920928955
326,0.0004939664155244827,100,0,11,0.11,9,91,-1163.4199999999994,0.001,378.13563084602356
327,0.002068529725074768,100,0,11,0.11,2,98,-1143.0499999999993,0.001,379.2106099128723
328,0.00041620634496212003,100,0,13,0.13,8,92,-1133.1199999999994,0.001,380.2873239517212
329,0.0003846696764230728,100,0,14,0.14,8,92,-1109.7499999999995,0.001,381.39274978637695
330,0.0015580257773399353,100,0,7,0.07,3,97,-1184.7499999999995,0.001,382.50445199012756
331,0.0003589029610157013,100,0,10,0.1,8,92,-1160.5399999999995,0.001,383.60267305374146
332,0.0002656792663037777,100,0,9,0.09,12,88,-1143.31,0.001,384.6719460487366
333,0.00027816515415906906,100,0,10,0.1,5,95,-1139.8799999999994,0.001,385.85517501831055
334,0.00022333594039082528,100,0,12,0.12,9,91,-1159.5099999999995,0.001,387.0155038833618
335,0.00021199459210038184,100,0,15,0.15,8,92,-1075.0799999999997,0.001,388.1348831653595
336,0.0002037275582551956,100,0,13,0.13,11,89,-1126.8899999999994,0.001,389.3725781440735
337,0.00021810168400406837,100,0,17,0.17,7,93,-1081.7999999999997,0.001,390.4686369895935
338,0.0002326085790991783,100,0,13,0.13,9,91,-1143.1899999999991,0.001,391.60606813430786
339,0.00023850426077842712,100,0,10,0.1,9,91,-1172.3899999999994,0.001,392.80140805244446
340,0.00025151580572128294,100,0,6,0.06,13,87,-1208.4199999999994,0.001,394.07899594306946
341,0.00027242263779044153,100,0,7,0.07,8,92,-1207.2199999999996,0.001,395.25933504104614
342,0.00027278900146484377,100,0,13,0.13,7,93,-1147.2499999999998,0.001,396.4254951477051
343,0.0003041042760014534,100,0,11,0.11,9,91,-1159.2099999999996,0.001,397.59343695640564
344,0.001382952332496643,100,0,12,0.12,6,94,-1164.1099999999997,0.001,398.7473340034485
345,0.0003204452991485596,100,0,10,0.1,9,91,-1137.7499999999995,0.001,399.9089410305023
346,0.0003716355562210083,100,0,7,0.07,13,87,-1202.7799999999995,0.001,401.1097459793091
347,0.0003861672431230545,100,0,8,0.08,7,93,-1189.9299999999998,0.001,402.3023490905762
348,0.0003869498148560524,100,0,6,0.06,3,97,-1203.32,0.001,403.65578293800354
349,0.0004110657423734665,100,0,7,0.07,7,93,-1194.2199999999996,0.001,404.9183700084686
350,0.0004166681319475174,100,0,7,0.07,13,87,-1220.3699999999992,0.001,406.22800397872925
351,0.00045211732387542727,100,0,6,0.06,8,92,-1206.9399999999998,0.001,407.4989159107208
352,0.00035832159221172333,100,0,11,0.11,4,96,-1174.9399999999991,0.001,408.70001316070557
353,0.00044916771352291105,100,0,8,0.08,13,87,-1213.8499999999997,0.001,409.9282560348511
354,0.0004864358156919479,100,0,7,0.07,10,90,-1204.1299999999994,0.001,411.30352115631104
355,0.000515865609049797,100,0,5,0.05,5,95,-1209.4499999999994,0.001,412.52284383773804
356,0.00037032287567853925,100,0,11,0.11,9,91,-1194.6299999999992,0.001,413.7463219165802
357,0.000439312607049942,100,0,8,0.08,3,97,-1213.2799999999997,0.001,415.00218510627747
358,0.00048408254981040954,100,0,4,0.04,5,95,-1238.619999999999,0.001,416.25936794281006
359,0.0005769197270274162,100,0,5,0.05,9,91,-1208.9699999999993,0.001,417.48427295684814
360,0.0005065376311540604,100,0,9,0.09,9,91,-1185.7299999999993,0.001,418.66028594970703
361,0.0006139924004673957,100,0,2,0.02,9,91,-1241.989999999999,0.001,419.8461101055145
362,0.0006089193001389503,100,0,3,0.03,11,89,-1245.9399999999996,0.001,421.0029990673065
363,0.0006064648181200028,100,0,0,0.0,13,87,-1261.1699999999996,0.001,422.17034697532654
364,0.0005882692709565162,100,0,1,0.01,7,93,-1258.4699999999991,0.001,423.37514305114746
365,0.0005433252826333046,100,0,3,0.03,10,90,-1231.3399999999997,0.001,424.52427101135254
366,0.0005769907310605049,100,0,1,0.01,8,92,-1251.159999999999,0.001,425.672376871109
367,0.0005615565925836564,100,0,4,0.04,12,88,-1233.5099999999993,0.001,426.825031042099
368,0.000552598424255848,100,0,2,0.02,12,88,-1248.059999999999,0.001,428.0635259151459
369,0.0005462400242686272,100,0,2,0.02,10,90,-1243.4499999999994,0.001,429.31519389152527
370,0.0005117233470082283,100,0,3,0.03,4,96,-1237.9499999999991,0.001,430.45593309402466
371,0.0004889866709709167,100,0,4,0.04,9,91,-1230.8799999999997,0.001,431.62010979652405
372,0.00048508301377296446,100,0,2,0.02,4,96,-1250.9299999999994,0.001,432.8247981071472
373,0.000519334264099598,100,0,2,0.02,5,95,-1238.1599999999996,0.001,434.1239528656006
374,0.00047804538160562516,100,0,5,0.05,10,90,-1221.299999999999,0.001,435.44586086273193
375,0.0005184395983815193,100,0,1,0.01,12,88,-1246.9099999999996,0.001,436.66117691993713
376,0.0005189356580376625,100,0,1,0.01,3,97,-1252.0799999999992,0.001,437.8335289955139
377,0.0005190134793519974,100,0,4,0.04,13,87,-1222.5099999999998,0.001,438.97384309768677
378,0.0005207320302724838,100,0,2,0.02,9,91,-1237.6999999999994,0.001,440.1142599582672
379,0.0004797220230102539,100,0,4,0.04,12,88,-1239.4699999999991,0.001,441.2670941352844
380,0.0005113502591848374,100,0,1,0.01,2,98,-1252.0199999999993,0.001,442.42213678359985
381,0.000523160807788372,100,0,2,0.02,9,91,-1254.1199999999988,0.001,443.58993196487427
382,0.000534084402024746,100,0,1,0.01,10,90,-1249.7899999999993,0.001,444.7417879104614
383,0.0005349592864513398,100,0,2,0.02,12,88,-1240.7599999999995,0.001,445.87811398506165
384,0.0004712305963039398,100,0,2,0.02,12,88,-1233.999999999999,0.001,447.03756189346313
385,0.0005276785045862198,100,0,4,0.04,9,91,-1219.5299999999993,0.001,448.1833539009094
386,0.0005444090813398362,100,0,3,0.03,9,91,-1226.4599999999994,0.001,449.3233730792999
387,0.0005040331557393074,100,0,3,0.03,11,89,-1231.2799999999993,0.001,450.55591797828674
388,0.0005219100043177604,100,0,2,0.02,11,89,-1252.6699999999992,0.001,451.7307348251343
389,0.0005210617929697036,100,0,2,0.02,4,96,-1252.1599999999992,0.001,452.8946650028229
390,0.000500362254679203,100,0,1,0.01,9,91,-1252.319999999999,0.001,454.04888820648193
391,0.000500292032957077,100,0,1,0.01,7,93,-1250.0999999999992,0.001,455.1926600933075
392,0.0004990907013416291,100,0,0,0.0,10,90,-1262.4899999999998,0.001,456.36454606056213
393,0.002160794734954834,100,0,3,0.03,2,98,-1239.7699999999998,0.001,457.51240706443787
394,0.0005003256723284721,100,0,4,0.04,6,94,-1223.4199999999994,0.001,458.6635148525238
395,0.0005174501612782478,100,0,0,0.0,9,91,-1260.1199999999994,0.001,459.88083577156067
396,0.0004532310739159584,100,0,6,0.06,4,96,-1205.4299999999994,0.001,461.0699210166931
397,0.0004883689060807228,100,0,10,0.1,9,91,-1148.4099999999996,0.001,462.16530108451843
398,0.00048588540405035017,100,0,12,0.12,6,94,-1120.2499999999993,0.001,463.28091287612915
399,0.00046034760773181914,100,0,14,0.14,3,97,-1152.2299999999998,0.001,464.4292480945587
400,0.00044163018465042113,100,0,12,0.12,6,94,-1151.8199999999995,0.001,465.53118801116943
401,0.00041783735156059265,100,0,10,0.1,3,97,-1144.9199999999992,0.001,466.6147520542145
402,0.0004379773885011673,100,0,12,0.12,7,93,-1131.12,0.001,467.69242000579834
403,0.00038663025945425035,100,0,14,0.14,10,90,-1135.9199999999996,0.001,468.770605802536
404,0.0016558778285980225,100,0,14,0.14,4,96,-1115.9299999999998,0.001,469.83699893951416
405,0.00037421319633722304,100,0,12,0.12,4,96,-1145.6699999999996,0.001,470.9474980831146
406,0.002028229832649231,100,0,14,0.14,2,98,-1094.8999999999994,0.001,471.98208689689636
407,0.00036494020372629165,100,0,15,0.15,3,97,-1126.54,0.001,473.0541880130768
408,0.0003660484775900841,100,0,12,0.12,5,95,-1147.4400000000003,0.001,474.13453006744385
409,0.00035919055342674254,100,0,17,0.17,13,87,-1054.4299999999996,0.001,475.14208793640137
410,0.00026329126209020617,100,0,13,0.13,8,92,-1137.84,0.001,476.2310380935669
411,0.0003575147315859795,100,0,11,0.11,7,93,-1155.7599999999993,0.001,477.31945991516113
412,0.0003486231714487076,100,0,10,0.1,9,91,-1155.6299999999994,0.001,478.44334387779236
413,0.0003571850061416626,100,0,9,0.09,9,91,-1175.0999999999997,0.001,479.56314992904663
414,0.00036906179040670396,100,0,12,0.12,7,93,-1162.3699999999994,0.001,480.6636188030243
415,0.00035431429743766786,100,0,19,0.19,10,90,-1081.28,0.001,481.69466614723206
416,0.0032340726256370545,100,0,11,0.11,2,98,-1151.6099999999994,0.001,482.77253699302673
417,0.0003776175528764725,100,0,14,0.14,10,90,-1133.6599999999999,0.001,483.8566200733185
418,0.00032418496906757357,100,0,14,0.14,11,89,-1107.7199999999998,0.001,484.9053530693054
419,0.0003080654889345169,100,0,16,0.16,9,91,-1111.58,0.001,485.961571931839
420,0.0003395867720246315,100,0,12,0.12,6,94,-1129.2799999999995,0.001,487.0353829860687
421,0.0016102376580238342,100,0,16,0.16,2,98,-1073.58,0.001,488.05880188941956
422,0.000246858149766922,100,0,16,0.16,6,94,-1100.5599999999997,0.001,489.1007618904114
423,0.0002875874564051628,100,0,12,0.12,13,87,-1157.7799999999993,0.001,490.20006680488586
424,0.0015648818016052246,100,0,16,0.16,2,98,-1077.78,0.001,491.2150228023529
425,0.00023554598912596701,100,0,17,0.17,7,93,-1100.9499999999996,0.001,492.2563519477844
426,0.00026230335235595705,100,0,15,0.15,9,91,-1109.9399999999996,0.001,493.33237409591675
427,0.0005675835534930229,100,0,13,0.13,10,90,-1097.3399999999995,0.001,494.46850419044495
428,0.0002541015297174454,100,0,12,0.12,9,91,-1149.9499999999994,0.001,495.6201899051666
429,0.00027591098099946973,100,0,17,0.17,10,90,-1073.8600000000001,0.001,496.66873002052307
430,0.0012497255206108094,100,0,10,0.1,2,98,-1154.9399999999994,0.001,497.805104970932
431,0.0002698425948619843,100,0,14,0.14,11,89,-1094.7399999999996,0.001,498.84364199638367
432,0.000282865222543478,100,0,12,0.12,8,92,-1139.2599999999998,0.001,499.92029190063477
433,0.0002876616455614567,100,0,8,0.08,9,91,-1170.4799999999996,0.001,501.28192591667175
434,0.0002675333432853222,100,0,15,0.15,6,94,-1081.9599999999996,0.001,502.75704407691956
435,0.00027315424755215646,100,0,13,0.13,9,91,-1110.3999999999996,0.001,504.0489389896393
436,0.00030840106308460235,100,0,14,0.14,8,92,-1128.1599999999996,0.001,505.2846019268036
437,0.0003168661892414093,100,0,12,0.12,4,96,-1127.5099999999998,0.001,506.4448997974396
438,0.0015319624543190002,100,0,7,0.07,3,97,-1200.3299999999995,0.001,507.6528010368347
439,0.0003707003965973854,100,0,4,0.04,11,89,-1226.9699999999987,0.001,508.85959005355835
440,0.0003897546976804733,100,0,0,0.0,7,93,-1260.8699999999992,0.001,510.09956312179565
441,0.00039876662194728853,100,0,0,0.0,13,87,-1260.8899999999994,0.001,511.3264651298523
442,0.00041343428194522857,100,0,0,0.0,10,90,-1260.3799999999997,0.001,512.5233948230743
443,0.00039779819548130035,100,0,3,0.03,13,87,-1237.9099999999996,0.001,513.6929249763489
444,0.00038087502121925354,100,0,8,0.08,9,91,-1201.2799999999986,0.001,514.8300309181213
445,0.0003688900917768478,100,0,9,0.09,13,87,-1206.9799999999996,0.001,515.9736771583557
446,0.0004260879382491112,100,0,11,0.11,11,89,-1187.4399999999996,0.001,517.1177401542664
447,0.0004616188257932663,100,0,2,0.02,9,91,-1240.8699999999994,0.001,518.2874269485474
448,0.0004586830735206604,100,0,3,0.03,8,92,-1232.25,0.001,519.4494678974152
449,0.0004565732553601265,100,0,2,0.02,3,97,-1252.1099999999994,0.001,520.5976898670197
450,0.00044219397008419034,100,0,5,0.05,9,91,-1218.9699999999998,0.001,521.7336459159851
451,0.0004816247150301933,100,0,0,0.0,7,93,-1262.0099999999995,0.001,522.8895990848541
452,0.0004351776838302612,100,0,2,0.02,8,92,-1247.159999999999,0.001,524.0987200737
453,0.0004781438037753105,100,0,5,0.05,2,98,-1214.4599999999996,0.001,525.2247061729431
454,0.0004921668395400047,100,0,0,0.0,9,91,-1260.6799999999994,0.001,526.4038980007172
455,0.0004946702718734742,100,0,2,0.02,9,91,-1244.31,0.001,527.5715808868408
456,0.0005047066509723663,100,0,2,0.02,12,88,-1238.6499999999996,0.001,528.7220571041107
457,0.0005130373314023018,100,0,2,0.02,7,93,-1240.2499999999995,0.001,530.1052980422974
458,0.0005170473083853721,100,0,3,0.03,10,90,-1237.4599999999996,0.001,531.6583371162415
459,0.0005268438160419464,100,0,3,0.03,10,90,-1230.0099999999998,0.001,533.1308829784393
460,0.000535217970609665,100,0,0,0.0,7,93,-1260.3499999999997,0.001,534.6513578891754
461,0.0005380429700016975,100,0,1,0.01,10,90,-1248.869999999999,0.001,536.52672290802
462,0.0005395562946796418,100,0,3,0.03,10,90,-1240.25,0.001,538.3190181255341
463,0.0005009238421916962,100,0,1,0.01,7,93,-1248.579999999999,0.001,540.8326458930969
464,0.0005426512658596039,100,0,0,0.0,5,95,-1261.8399999999995,0.001,543.0860149860382
465,0.000547979362308979,100,0,0,0.0,5,95,-1261.9399999999996,0.001,545.1789970397949
466,0.000492408461868763,100,0,6,0.06,8,92,-1206.6499999999994,0.001,546.4865539073944
467,0.0005441125482320786,100,0,2,0.02,8,92,-1243.5799999999988,0.001,547.6729228496552
468,0.000503072589635849,100,0,3,0.03,9,91,-1225.0899999999992,0.001,548.8402881622314
469,0.0005286531895399094,100,0,7,0.07,10,90,-1193.3899999999992,0.001,549.9669289588928
470,0.000556185282766819,100,0,1,0.01,4,96,-1246.6399999999992,0.001,551.1409428119659
471,0.0005462002754211425,100,0,3,0.03,13,87,-1236.9599999999998,0.001,552.3322350978851
472,0.0005526208132505416,100,0,1,0.01,10,90,-1255.8599999999994,0.001,553.5735099315643
473,0.0005298009514808654,100,0,1,0.01,2,98,-1256.2899999999997,0.001,554.7884089946747
474,0.0005440335348248482,100,0,1,0.01,3,97,-1254.3899999999992,0.001,555.9722881317139
475,0.0005353730916976929,100,0,3,0.03,7,93,-1232.1399999999994,0.001,557.1467189788818
476,0.0004954425990581512,100,0,2,0.02,10,90,-1240.9199999999992,0.001,558.3257529735565
477,0.0005305178463459014,100,0,1,0.01,3,97,-1260.7799999999993,0.001,559.515469789505
478,0.0005283201113343239,100,0,0,0.0,11,89,-1260.9399999999996,0.001,560.699315071106
479,0.0005201945081353187,100,0,5,0.05,8,92,-1208.5699999999995,0.001,561.8362140655518
480,0.0005251021310687065,100,0,3,0.03,8,92,-1236.9099999999992,0.001,563.016939163208
481,0.0005252580344676972,100,0,1,0.01,9,91,-1254.9599999999991,0.001,564.2157299518585
482,0.0005143486335873604,100,0,2,0.02,8,92,-1240.6699999999992,0.001,565.375293970108
483,0.0005172912776470185,100,0,0,0.0,8,92,-1259.8699999999997,0.001,566.5624451637268
484,0.0004999193549156188,100,0,5,0.05,9,91,-1214.3199999999997,0.001,567.7134139537811
485,0.0005211429297924041,100,0,3,0.03,12,88,-1225.5199999999993,0.001,568.9336478710175
486,0.0005159150436520577,100,0,1,0.01,8,92,-1253.6399999999994,0.001,570.1225950717926
487,0.0005229597911238671,100,0,2,0.02,13,87,-1236.1199999999992,0.001,571.3522980213165
488,0.002533717751502991,100,0,3,0.03,2,98,-1232.5699999999993,0.001,572.5317671298981
489,0.0005135641619563102,100,0,1,0.01,4,96,-1256.2400000000002,0.001,573.7336330413818
490,0.00047119788825511933,100,0,4,0.04,7,93,-1228.1399999999994,0.001,574.8889338970184
491,0.0005001866072416306,100,0,1,0.01,9,91,-1253.109999999999,0.001,576.084990978241
492,0.0004929216206073762,100,0,3,0.03,3,97,-1226.2099999999991,0.001,577.2447979450226
493,0.0004781678691506386,100,0,6,0.06,3,97,-1188.3199999999995,0.001,578.3644371032715
494,0.00047487888485193253,100,0,10,0.1,6,94,-1171.6999999999994,0.001,579.4778099060059
495,0.0003948788344860077,100,0,10,0.1,9,91,-1133.1999999999991,0.001,580.574903011322
496,0.0004373156651854515,100,0,13,0.13,7,93,-1101.87,0.001,581.993889093399
497,0.00038809634745121005,100,0,12,0.12,9,91,-1145.57,0.001,583.8064777851105
498,0.00039828211069107053,100,0,13,0.13,8,92,-1116.3099999999995,0.001,585.4347310066223
499,0.00041823837906122206,100,0,14,0.14,7,93,-1120.7099999999994,0.001,586.6785748004913
500,0.0003747519850730896,100,0,15,0.15,11,89,-1065.99,0.001,587.896852016449
501,0.00042481638491153717,100,0,9,0.09,10,90,-1163.3899999999996,0.001,589.0256509780884
502,0.0003977898880839348,100,0,18,0.18,7,93,-1049.1899999999998,0.001,590.0335938930511
503,0.0004886863753199577,100,0,14,0.14,9,91,-1124.7399999999993,0.001,591.127121925354
504,0.00046829555183649065,100,0,14,0.14,9,91,-1126.1499999999996,0.001,592.4518270492554
505,0.00047038286924362183,100,0,13,0.13,9,91,-1130.4499999999998,0.001,593.7141377925873
506,0.0005085498467087746,100,0,7,0.07,12,88,-1197.8399999999997,0.001,594.9561479091644
507,0.0005224086716771126,100,0,0,0.0,9,91,-1261.1199999999992,0.001,596.1942129135132
508,0.0005082966759800911,100,0,1,0.01,7,93,-1247.3999999999992,0.001,597.5846898555756
509,0.0005087769031524659,100,0,3,0.03,8,92,-1230.7599999999995,0.001,598.8052999973297
510,0.0004742906242609024,100,0,3,0.03,9,91,-1234.8199999999995,0.001,599.9709258079529
511,0.0005082931369543075,100,0,0,0.0,6,94,-1261.7499999999993,0.001,601.1201968193054
512,0.000508832111954689,100,0,0,0.0,5,95,-1259.099999999999,0.001,602.3366570472717
513,0.0005090267211198807,100,0,2,0.02,7,93,-1250.6199999999997,0.001,603.6148381233215
514,0.0004375283792614937,100,0,4,0.04,2,98,-1222.9499999999994,0.001,605.1927938461304
515,0.0006329136341810226,100,0,0,0.0,12,88,-1261.0199999999993,0.001,606.709235906601
516,0.000550001822412014,100,0,2,0.02,5,95,-1246.9099999999992,0.001,608.6173009872437
517,0.0005343516543507576,100,0,3,0.03,3,97,-1234.3199999999995,0.001,610.0230438709259
518,0.0005945796146988869,100,0,3,0.03,12,88,-1238.3399999999992,0.001,611.4871990680695
519,0.0005827583372592926,100,0,9,0.09,8,92,-1169.95,0.001,612.706710100174
520,0.000544440895318985,100,0,9,0.09,7,93,-1192.3099999999997,0.001,614.0859010219574
521,0.0005358723178505898,100,0,13,0.13,3,97,-1124.9299999999994,0.001,615.4835541248322
522,0.0005677455291152,100,0,9,0.09,7,93,-1163.9899999999993,0.001,616.7624709606171
523,0.0005359808728098869,100,0,9,0.09,8,92,-1181.1499999999994,0.001,618.0898640155792
524,0.0005558911338448525,100,0,11,0.11,9,91,-1155.9999999999993,0.001,619.2967839241028
525,0.0005090559273958206,100,0,10,0.1,9,91,-1148.829999999999,0.001,620.4521040916443
526,0.0004895347356796265,100,0,13,0.13,9,91,-1125.0700000000002,0.001,621.5327661037445
527,0.000519646443426609,100,0,14,0.14,8,92,-1110.0199999999993,0.001,622.5980081558228
528,0.0005104632303118705,100,0,12,0.12,8,92,-1154.1,0.001,623.6952159404755
529,0.00046813968569040296,100,0,16,0.16,10,90,-1069.77,0.001,624.7169218063354
530,0.0004942155629396439,100,0,8,0.08,6,94,-1191.2999999999995,0.001,625.8458058834076
531,0.0005087882280349731,100,0,14,0.14,5,95,-1119.2099999999998,0.001,626.8989908695221
532,0.0005048412457108498,100,0,13,0.13,9,91,-1124.0599999999997,0.001,627.9718339443207
533,0.0005073625594377518,100,0,12,0.12,10,90,-1115.6699999999998,0.001,629.0806601047516
534,0.0005428003519773483,100,0,11,0.11,13,87,-1168.779999999999,0.001,630.2888579368591
535,0.0004753947630524635,100,0,17,0.17,6,94,-1083.1899999999994,0.001,631.3829820156097
536,0.0005414454266428947,100,0,10,0.1,12,88,-1147.1399999999994,0.001,632.4801349639893
537,0.0004774044454097748,100,0,14,0.14,7,93,-1108.4499999999994,0.001,633.5950138568878
538,0.0005343567952513695,100,0,10,0.1,7,93,-1169.5099999999995,0.001,634.6929438114166
539,0.0005072322115302085,100,0,12,0.12,13,87,-1135.3399999999997,0.001,635.7824101448059
540,0.0004962832108139992,100,0,17,0.17,7,93,-1086.3100000000004,0.001,636.823823928833
541,0.00046469777822494507,100,0,12,0.12,11,89,-1130.8399999999995,0.001,637.9030110836029
542,0.0005099527165293694,100,0,12,0.12,13,87,-1130.1399999999999,0.001,638.9810838699341
543,0.0005007141083478928,100,0,10,0.1,7,93,-1167.6499999999992,0.001,640.0698029994965
544,0.0023764222860336304,100,0,12,0.12,2,98,-1178.5599999999995,0.001,641.1780180931091
545,0.001959906220436096,100,0,17,0.17,2,98,-1081.2000000000003,0.001,642.2078227996826
546,0.00045487921684980395,100,0,10,0.1,6,94,-1158.9899999999996,0.001,643.38698387146
547,0.0016396267712116242,100,0,15,0.15,6,94,-1109.6699999999996,0.001,644.4706561565399
548,0.00035195983946323395,100,0,15,0.15,5,95,-1116.9199999999996,0.001,645.527184009552
549,0.0003279183804988861,100,0,12,0.12,13,87,-1144.5599999999993,0.001,646.6103382110596
550,0.00031705826520919797,100,0,9,0.09,3,97,-1162.1999999999998,0.001,647.7052340507507
551,0.00027713894844055175,100,0,11,0.11,8,92,-1155.8699999999994,0.001,648.8236711025238
552,0.0002013867162168026,100,0,16,0.16,5,95,-1087.6099999999997,0.001,649.8481080532074
553,0.0013510024547576905,100,0,10,0.1,4,96,-1170.7399999999996,0.001,650.9619028568268
554,0.0002702081575989723,100,0,8,0.08,9,91,-1201.5600000000002,0.001,652.0957379341125
555,0.00026357512921094896,100,0,9,0.09,10,90,-1166.5299999999997,0.001,653.2518558502197
556,0.0002707837149500847,100,0,11,0.11,13,87,-1136.3299999999997,0.001,654.323000907898
557,0.00024413909763097762,100,0,15,0.15,12,88,-1129.8799999999999,0.001,655.4353120326996
558,0.00027117906138300895,100,0,12,0.12,13,87,-1127.3599999999997,0.001,656.828400850296
559,0.00030086101964116096,100,0,5,0.05,9,91,-1208.4699999999996,0.001,658.1675379276276
560,0.0015572045743465423,100,0,12,0.12,2,98,-1133.6099999999997,0.001,659.3704969882965
561,0.0015352512896060944,100,0,16,0.16,4,96,-1094.4399999999996,0.001,660.4660680294037
562,0.0002973363548517227,100,0,15,0.15,6,94,-1071.6999999999998,0.001,661.572762966156
563,0.00024888625368475916,100,0,16,0.16,9,91,-1096.1799999999992,0.001,662.7204349040985
564,0.00022287698462605476,100,0,17,0.17,5,95,-1088.82,0.001,663.8929319381714
565,0.00029646359384059905,100,0,10,0.1,12,88,-1141.23,0.001,665.1020629405975
566,0.000287788026034832,100,0,13,0.13,10,90,-1126.1899999999998,0.001,666.249233007431
567,0.0003101572766900063,100,0,12,0.12,7,93,-1125.9099999999996,0.001,667.3950579166412
568,0.0002800999954342842,100,0,9,0.09,7,93,-1173.6499999999996,0.001,668.7826859951019
569,0.00032594073563814164,100,0,15,0.15,10,90,-1107.84,0.001,669.9498000144958
570,0.00035814132541418076,100,0,13,0.13,5,95,-1135.6699999999998,0.001,671.120854139328
571,0.0003703587129712105,100,0,13,0.13,9,91,-1137.8299999999995,0.001,672.2586119174957
572,0.0003851420059800148,100,0,7,0.07,6,94,-1218.2099999999994,0.001,673.518052816391
573,0.00040853455662727357,100,0,4,0.04,5,95,-1233.6299999999987,0.001,674.7766289710999
574,0.00043427616357803343,100,0,11,0.11,9,91,-1206.0499999999995,0.001,675.9863398075104
575,0.00044655591249465943,100,0,6,0.06,5,95,-1208.019999999999,0.001,677.2097401618958
576,0.0004921890050172806,100,0,10,0.1,8,92,-1166.1499999999999,0.001,678.4098539352417
577,0.000470145083963871,100,0,10,0.1,10,90,-1166.7499999999998,0.001,679.551656961441
578,0.00044194750487804415,100,0,11,0.11,5,95,-1165.5899999999997,0.001,680.7083559036255
579,0.0020718225836753846,100,0,14,0.14,2,98,-1093.7199999999998,0.001,681.8064091205597
580,0.002197051793336868,100,0,10,0.1,3,97,-1162.599999999999,0.001,682.9156339168549
581,0.0004761730507016182,100,0,12,0.12,9,91,-1131.8500000000001,0.001,684.0024719238281
582,0.0003971658647060394,100,0,12,0.12,9,91,-1143.65,0.001,685.0708758831024
583,0.0003958188369870186,100,0,14,0.14,8,92,-1129.2899999999997,0.001,686.1446979045868
584,0.0003568697348237038,100,0,15,0.15,10,90,-1101.6499999999999,0.001,687.1965630054474
585,0.0003276852145791054,100,0,14,0.14,9,91,-1127.1899999999998,0.001,688.3007550239563
586,0.0015061917901039125,100,0,11,0.11,4,96,-1168.5799999999995,0.001,689.5748739242554
587,0.0003433690965175629,100,0,14,0.14,4,96,-1129.99,0.001,690.6525011062622
588,0.0003215767815709114,100,0,11,0.11,10,90,-1175.3199999999997,0.001,691.743949174881
589,0.0003327326104044914,100,0,8,0.08,6,94,-1184.3599999999994,0.001,692.840099811554
590,0.00035847209393978117,100,0,10,0.1,11,89,-1163.509999999999,0.001,693.919224023819
591,0.0003410990536212921,100,0,9,0.09,4,96,-1177.8,0.001,695.0023159980774
592,0.00034487023949623106,100,0,7,0.07,7,93,-1205.579999999999,0.001,696.118332862854
593,0.0003615238517522812,100,0,12,0.12,10,90,-1135.0399999999995,0.001,697.1884009838104
594,0.00037812009453773497,100,0,10,0.1,7,93,-1179.38,0.001,698.2916870117188
595,0.00037635438144207,100,0,15,0.15,10,90,-1087.5399999999995,0.001,699.333888053894
596,0.0003973632678389549,100,0,8,0.08,5,95,-1182.0499999999995,0.001,700.501932144165
597,0.00039286036044359205,100,0,16,0.16,7,93,-1098.2399999999996,0.001,701.6054999828339
598,0.00037758152931928636,100,0,11,0.11,13,87,-1141.2899999999995,0.001,702.7903828620911
599,0.00041293002665042876,100,0,15,0.15,9,91,-1100.9599999999994,0.001,703.9205060005188
600,0.0004172559455037117,100,0,16,0.16,4,96,-1118.1099999999992,0.001,705.02832198143
601,0.00046032395213842393,100,0,13,0.13,8,92,-1115.6299999999994,0.001,706.0830690860748
602,0.00047166429460048675,100,0,12,0.12,6,94,-1134.7899999999995,0.001,707.1586029529572
603,0.0022968797385692595,100,0,12,0.12,2,98,-1127.7099999999994,0.001,708.2880170345306
604,0.00044735897332429884,100,0,12,0.12,9,91,-1134.7099999999998,0.001,709.3697888851166
605,0.0005044147372245788,100,0,14,0.14,11,89,-1131.7799999999997,0.001,710.627298116684
606,0.0004946539923548699,100,0,11,0.11,9,91,-1151.4099999999996,0.001,711.9281370639801
607,0.00045962553471326826,100,0,18,0.18,11,89,-1091.4599999999998,0.001,713.0800669193268
608,0.00040926698595285417,100,0,13,0.13,8,92,-1123.0,0.001,714.3231718540192
609,0.0003859836235642433,100,0,14,0.14,3,97,-1120.5000000000002,0.001,715.5619988441467
610,0.00047270964831113815,100,0,12,0.12,5,95,-1121.4199999999992,0.001,716.8125839233398
611,0.0004610055685043335,100,0,11,0.11,7,93,-1151.7599999999998,0.001,718.0936899185181
612,0.0004721490293741226,100,0,9,0.09,9,91,-1177.5899999999995,0.001,719.376081943512
613,0.0004907410591840744,100,0,13,0.13,12,88,-1128.6099999999997,0.001,720.527202129364
614,0.0004477111995220184,100,0,16,0.16,6,94,-1116.5799999999997,0.001,721.6721940040588
615,0.0004870140925049782,100,0,14,0.14,6,94,-1102.7699999999995,0.001,722.8023371696472
616,0.0004596499726176262,100,0,13,0.13,9,91,-1104.249999999999,0.001,723.9372370243073
617,0.0004622912034392357,100,0,9,0.09,9,91,-1156.8399999999997,0.001,725.1373479366302
618,0.0005181024968624115,100,0,9,0.09,9,91,-1153.9099999999994,0.001,726.3417119979858
619,0.00047927532345056536,100,0,13,0.13,7,93,-1105.6299999999994,0.001,727.4820659160614
620,0.0005076370388269424,100,0,16,0.16,9,91,-1100.0099999999993,0.001,728.6169648170471
621,0.0005233260244131089,100,0,14,0.14,4,96,-1114.55,0.001,729.7001600265503
622,0.0005491302907466889,100,0,11,0.11,4,96,-1156.1099999999997,0.001,730.7966721057892
623,0.000542307049036026,100,0,12,0.12,10,90,-1116.1799999999996,0.001,731.8468050956726
624,0.0004994712769985199,100,0,10,0.1,12,88,-1165.2299999999993,0.001,732.9398500919342
625,0.0005048220977187156,100,0,12,0.12,9,91,-1138.6799999999996,0.001,734.1022210121155
626,0.0005489481985569,100,0,10,0.1,8,92,-1166.9899999999998,0.001,735.2263178825378
627,0.0005242957174777985,100,0,14,0.14,2,98,-1121.2399999999993,0.001,736.2996418476105
628,0.0005293468385934829,100,0,11,0.11,6,94,-1153.24,0.001,737.3961338996887
629,0.0005290889739990234,100,0,11,0.11,6,94,-1153.529999999999,0.001,738.4846529960632
630,0.0005742423236370087,100,0,11,0.11,4,96,-1189.5599999999997,0.001,739.6113529205322
631,0.000550290048122406,100,0,11,0.11,5,95,-1143.6499999999996,0.001,740.687714099884
632,0.002324371337890625,100,0,14,0.14,2,98,-1116.9799999999993,0.001,741.747316122055
633,0.0004988668113946915,100,0,12,0.12,5,95,-1150.7800000000002,0.001,742.9098241329193
634,0.0004564861580729485,100,0,11,0.11,10,90,-1151.7199999999996,0.001,744.1591739654541
635,0.0005287286639213562,100,0,11,0.11,7,93,-1148.8799999999997,0.001,745.353667974472
636,0.00042858924716711045,100,0,11,0.11,8,92,-1167.1199999999997,0.001,746.5093929767609
637,0.0004404774680733681,100,0,13,0.13,9,91,-1137.4199999999996,0.001,747.6153521537781
638,0.00042901143431663515,100,0,17,0.17,9,91,-1066.1799999999996,0.001,748.6871418952942
639,0.00046131767332553865,100,0,12,0.12,3,97,-1149.1999999999996,0.001,749.8443222045898
640,0.00045155089348554613,100,0,12,0.12,10,90,-1139.8600000000001,0.001,750.9464840888977
641,0.00043270591646432877,100,0,12,0.12,8,92,-1143.2599999999995,0.001,752.0573351383209
642,0.00048459820449352263,100,0,10,0.1,9,91,-1172.0199999999995,0.001,753.1772627830505
643,0.00045531801879405975,100,0,11,0.11,7,93,-1164.6699999999996,0.001,754.3027861118317
644,0.0004629981890320778,100,0,11,0.11,9,91,-1145.7800000000002,0.001,755.4279479980469
645,0.0021860045194625854,100,0,7,0.07,2,98,-1167.0199999999998,0.001,756.5489947795868
646,0.0004860450327396393,100,0,7,0.07,9,91,-1201.2299999999993,0.001,757.706022977829
647,0.00043418508023023605,100,0,13,0.13,9,91,-1144.549999999999,0.001,758.823224067688
648,0.0004499174281954765,100,0,13,0.13,8,92,-1116.1599999999996,0.001,759.9047999382019
649,0.00035362374037504194,100,0,13,0.13,7,93,-1120.8599999999994,0.001,760.9935739040375
650,0.0004027225449681282,100,0,9,0.09,8,92,-1185.249999999999,0.001,762.1031827926636
651,0.0004004006087779999,100,0,8,0.08,9,91,-1183.7099999999996,0.001,763.2062339782715
652,0.0004050756990909576,100,0,14,0.14,9,91,-1116.0099999999995,0.001,764.3223240375519
653,0.00043393094092607497,100,0,11,0.11,3,97,-1140.09,0.001,765.3948948383331
654,0.00042256757616996763,100,0,13,0.13,10,90,-1156.8099999999995,0.001,766.4860479831696
655,0.00040107108652591704,100,0,9,0.09,12,88,-1168.84,0.001,767.5955321788788
656,0.00031737975776195525,100,0,11,0.11,8,92,-1135.1999999999991,0.001,768.6583218574524
657,0.00039509490132331847,100,0,11,0.11,9,91,-1149.479999999999,0.001,769.7451679706573
658,0.0004168844595551491,100,0,13,0.13,11,89,-1109.2799999999997,0.001,770.8113701343536
659,0.0004401569440960884,100,0,8,0.08,12,88,-1191.4399999999996,0.001,771.9252460002899
660,0.00046912427991628646,100,0,11,0.11,10,90,-1146.809999999999,0.001,773.0014350414276
661,0.0016682647168636323,100,0,12,0.12,2,98,-1157.0199999999998,0.001,774.1002230644226
662,0.0006537717580795288,100,0,9,0.09,3,97,-1186.0199999999998,0.001,775.2077939510345
663,0.00046591766178607943,100,0,12,0.12,10,90,-1159.8099999999995,0.001,776.2958338260651
664,0.0004646926373243332,100,0,8,0.08,9,91,-1179.3799999999994,0.001,777.399167060852
665,0.00042513251304626465,100,0,5,0.05,4,96,-1239.5799999999995,0.001,778.586149930954
666,0.000437878780066967,100,0,7,0.07,12,88,-1191.8499999999997,0.001,779.7251989841461
667,0.000351502001285553,100,0,11,0.11,10,90,-1164.8499999999997,0.001,780.9129989147186
668,0.0003662819415330887,100,0,9,0.09,6,94,-1198.819999999999,0.001,782.0810918807983
669,0.00044927753508090974,100,0,6,0.06,5,95,-1220.0199999999998,0.001,783.2172269821167
670,0.003154474496841431,100,0,10,0.1,2,98,-1186.5699999999997,0.001,784.3894720077515
671,0.0004027174413204193,100,0,14,0.14,6,94,-1128.3899999999996,0.001,785.4868280887604
672,0.0004115225747227669,100,0,10,0.1,10,90,-1158.8699999999994,0.001,786.5836720466614
673,0.00039313022047281264,100,0,8,0.08,7,93,-1165.4399999999991,0.001,787.6837470531464
674,0.0018084007501602173,100,0,14,0.14,2,98,-1107.2199999999998,0.001,788.7369589805603
675,0.0003295858204364777,100,0,16,0.16,9,91,-1117.9699999999996,0.001,789.8118710517883
676,0.0014171601831912994,100,0,15,0.15,4,96,-1117.5399999999995,0.001,790.8831839561462
677,0.00028852012008428573,100,0,12,0.12,4,96,-1160.4899999999996,0.001,791.9779908657074
678,0.00028079379349946974,100,0,14,0.14,8,92,-1107.7299999999993,0.001,793.0272378921509
679,0.0002482142485678196,100,0,12,0.12,8,92,-1137.4899999999993,0.001,794.1654980182648
680,0.00026144042611122133,100,0,12,0.12,8,92,-1144.8599999999994,0.001,795.2482109069824
681,0.00026718467473983763,100,0,9,0.09,3,97,-1157.0199999999998,0.001,796.3334128856659
682,0.0002608600631356239,100,0,15,0.15,8,92,-1109.8999999999994,0.001,797.4041569232941
683,0.00041049696505069734,100,0,13,0.13,13,87,-1115.2999999999997,0.001,798.4499959945679
684,0.00028820086270570756,100,0,12,0.12,8,92,-1124.7499999999995,0.001,799.5449070930481
685,0.00028717741370201113,100,0,15,0.15,10,90,-1123.2799999999995,0.001,801.0285670757294
686,0.0003148048371076584,100,0,9,0.09,12,88,-1182.8199999999993,0.001,802.379233121872
687,0.0003145762160420418,100,0,14,0.14,9,91,-1132.6699999999996,0.001,803.6534669399261
688,0.00036352008581161496,100,0,10,0.1,12,88,-1158.4399999999996,0.001,804.9262499809265
689,0.00038279809057712556,100,0,6,0.06,13,87,-1198.58,0.001,806.3191120624542
690,0.00041008993983268735,100,0,10,0.1,3,97,-1154.4599999999996,0.001,808.0317919254303
691,0.00041821718215942385,100,0,12,0.12,11,89,-1139.07,0.001,809.6638479232788
692,0.00046698752790689466,100,0,13,0.13,9,91,-1134.0799999999992,0.001,810.8730340003967
693,0.000464579351246357,100,0,15,0.15,7,93,-1122.8999999999999,0.001,812.0403227806091
694,0.0005395473167300224,100,0,9,0.09,7,93,-1175.62,0.001,813.177896976471
695,0.0004558305814862251,100,0,18,0.18,8,92,-1087.1299999999999,0.001,814.235347032547
696,0.0005415839701890945,100,0,9,0.09,8,92,-1149.3799999999999,0.001,815.4721801280975
697,0.000578366070985794,100,0,6,0.06,2,98,-1192.2300000000002,0.001,816.8376138210297
698,0.0006290140002965927,100,0,0,0.0,3,97,-1261.3099999999993,0.001,818.2147250175476
699,0.0006227440387010574,100,0,0,0.0,12,88,-1261.0599999999995,0.001,819.4937129020691
700,0.000599893219769001,100,0,0,0.0,7,93,-1261.9299999999992,0.001,821.2801921367645
701,0.0005786106735467911,100,0,0,0.0,9,91,-1259.799999999999,0.001,822.7228879928589
702,0.0005538251996040344,100,0,0,0.0,5,95,-1260.9399999999994,0.001,824.0787510871887
703,0.0005383298546075821,100,0,0,0.0,13,87,-1260.2599999999998,0.001,825.4534130096436
704,0.000506511926651001,100,0,1,0.01,8,92,-1247.7199999999996,0.001,826.8726780414581
705,0.0005017085745930672,100,0,0,0.0,4,96,-1261.0799999999992,0.001,828.5291769504547
706,0.0004946967959403992,100,0,0,0.0,9,91,-1261.54,0.001,829.8241701126099
707,0.000496223121881485,100,0,0,0.0,11,89,-1262.3799999999994,0.001,831.1135900020599
708,0.0005029767379164696,100,0,0,0.0,3,97,-1262.0299999999997,0.001,832.6547091007233
709,0.0004973217099905014,100,0,0,0.0,9,91,-1261.2699999999993,0.001,834.0326030254364
710,0.000508953221142292,100,0,0,0.0,11,89,-1259.8899999999994,0.001,835.3419840335846
711,0.0005333983898162842,100,0,0,0.0,13,87,-1260.3699999999997,0.001,836.6059129238129
712,0.0005293555185198784,100,0,1,0.01,8,92,-1253.4199999999994,0.001,837.8671078681946
713,0.0004920248687267304,100,0,1,0.01,9,91,-1253.41,0.001,839.161819934845
714,0.00047473520040512083,100,0,1,0.01,5,95,-1247.0499999999995,0.001,840.4499709606171
715,0.0004664529487490654,100,0,0,0.0,7,93,-1261.2999999999993,0.001,841.6943640708923
716,0.000468493290245533,100,0,0,0.0,8,92,-1260.6799999999996,0.001,843.3789467811584
717,0.00047928787767887116,100,0,0,0.0,4,96,-1260.3299999999995,0.001,844.7827489376068
718,0.00045397866517305375,100,0,0,0.0,3,97,-1261.83,0.001,846.1437540054321
719,0.00046015046536922454,100,0,1,0.01,12,88,-1255.9299999999987,0.001,847.4922277927399
720,0.00046263709664344787,100,0,0,0.0,3,97,-1261.2099999999994,0.001,848.8753190040588
721,0.0004733232781291008,100,0,0,0.0,10,90,-1260.429999999999,0.001,850.2228999137878
722,0.0004971453920006752,100,0,0,0.0,6,94,-1260.539999999999,0.001,851.6980180740356
723,0.0004617132991552353,100,0,1,0.01,7,93,-1254.98,0.001,853.0756402015686
724,0.0005111026763916015,100,0,0,0.0,13,87,-1261.5899999999992,0.001,854.427383184433
725,0.000525708720088005,100,0,0,0.0,8,92,-1261.0499999999997,0.001,855.6195590496063
726,0.0005287137255072594,100,0,1,0.01,12,88,-1254.4099999999987,0.001,856.7725970745087
727,0.0005365319550037384,100,0,0,0.0,5,95,-1260.4599999999996,0.001,857.9533669948578
728,0.0005466571077704429,100,0,0,0.0,12,88,-1260.4799999999996,0.001,859.1200079917908
729,0.0005480613559484482,100,0,0,0.0,11,89,-1261.3800000000003,0.001,860.3189120292664
730,0.0005351950600743293,100,0,1,0.01,10,90,-1247.6699999999992,0.001,861.5069289207458
731,0.0005255083367228508,100,0,0,0.0,9,91,-1261.6699999999994,0.001,862.7048032283783
732,0.0005242645367980003,100,0,0,0.0,13,87,-1260.149999999999,0.001,863.9444291591644
733,0.0005130206793546677,100,0,0,0.0,9,91,-1260.6899999999996,0.001,865.2498979568481
734,0.000494539849460125,100,0,2,0.02,4,96,-1248.6599999999994,0.001,866.5432660579681
735,0.00048139289021492004,100,0,1,0.01,2,98,-1247.1999999999996,0.001,867.7358989715576
736,0.00048083547502756116,100,0,0,0.0,7,93,-1261.7699999999993,0.001,869.0664949417114
737,0.0004680289328098297,100,0,1,0.01,7,93,-1246.8599999999988,0.001,870.3653111457825
738,0.00045802757143974303,100,0,0,0.0,7,93,-1261.0799999999995,0.001,871.5685639381409
739,0.00045956853777170183,100,0,0,0.0,8,92,-1261.2899999999997,0.001,872.8919069766998
740,0.0004607938602566719,100,0,0,0.0,5,95,-1261.409999999999,0.001,874.111781835556
741,0.0004744983464479446,100,0,1,0.01,9,91,-1247.2799999999993,0.001,875.3091909885406
742,0.00048802867531776427,100,0,0,0.0,8,92,-1260.809999999999,0.001,876.4981498718262
743,0.0005025840923190117,100,0,0,0.0,6,94,-1261.1999999999994,0.001,877.6934239864349
744,0.0005241389572620392,100,0,0,0.0,7,93,-1260.7799999999993,0.001,879.0019431114197
745,0.0005390161275863648,100,0,0,0.0,9,91,-1260.7099999999998,0.001,880.1870460510254
746,0.0005551621317863465,100,0,0,0.0,4,96,-1260.9499999999991,0.001,881.4448010921478
747,0.0005734341964125633,100,0,0,0.0,9,91,-1261.3599999999997,0.001,882.8227360248566
748,0.0005653037130832672,100,0,3,0.03,3,97,-1223.1499999999996,0.001,884.013943195343
749,0.0005645601078867913,100,0,0,0.0,8,92,-1260.5999999999997,0.001,885.3244349956512
750,0.0005568943172693252,100,0,0,0.0,7,93,-1261.1099999999997,0.001,886.6621890068054
751,0.0005439760908484459,100,0,3,0.03,12,88,-1236.0699999999997,0.001,887.8914079666138
752,0.0005300526320934296,100,0,3,0.03,10,90,-1228.2099999999998,0.001,889.0961060523987
753,0.00044361554086208343,100,0,5,0.05,12,88,-1218.0599999999997,0.001,890.2732450962067
754,0.0005226079747080803,100,0,3,0.03,7,93,-1236.729999999999,0.001,891.4687099456787
755,0.0004865466803312302,100,0,4,0.04,2,98,-1231.9299999999994,0.001,892.6434819698334
756,0.0005092496424913407,100,0,1,0.01,11,89,-1250.7199999999993,0.001,893.8222432136536
757,0.0005088288336992264,100,0,1,0.01,11,89,-1253.259999999999,0.001,895.006758928299
758,0.0005145730823278427,100,0,2,0.02,7,93,-1247.5599999999995,0.001,896.185017824173
759,0.0005140354111790657,100,0,5,0.05,10,90,-1235.6699999999994,0.001,897.3762540817261
760,0.0005177002400159836,100,0,4,0.04,7,93,-1223.939999999999,0.001,898.5704290866852
761,0.0005205483362078667,100,0,1,0.01,7,93,-1251.5099999999993,0.001,899.7758359909058
762,0.0005028887838125229,100,0,4,0.04,2,98,-1233.9399999999994,0.001,900.9494299888611
763,0.0004697646573185921,100,0,5,0.05,7,93,-1219.1799999999994,0.001,902.1010580062866
764,0.0005145243555307388,100,0,1,0.01,9,91,-1252.089999999999,0.001,903.3330249786377
765,0.0005255958810448647,100,0,3,0.03,13,87,-1248.0899999999992,0.001,904.6182730197906
766,0.0005242201313376426,100,0,7,0.07,9,91,-1192.4399999999994,0.001,905.8564999103546
767,0.0005317182838916779,100,0,1,0.01,12,88,-1249.6899999999994,0.001,907.0327870845795
768,0.0005214402824640274,100,0,2,0.02,4,96,-1237.7299999999998,0.001,908.3857748508453
769,0.0004887058585882187,100,0,6,0.06,8,92,-1206.839999999999,0.001,909.6944689750671
770,0.0005421715974807739,100,0,3,0.03,10,90,-1244.3999999999996,0.001,910.9914000034332
771,0.00050586998462677,100,0,2,0.02,2,98,-1239.7799999999997,0.001,912.2715678215027
772,0.0005227990448474884,100,0,2,0.02,7,93,-1235.9499999999994,0.001,913.4413089752197
773,0.0005465627834200859,100,0,0,0.0,10,90,-1261.7599999999993,0.001,914.7214670181274
774,0.0005283153429627419,100,0,3,0.03,3,97,-1224.5999999999995,0.001,915.8522200584412
775,0.0005441563576459884,100,0,0,0.0,8,92,-1260.6699999999992,0.001,917.0060307979584
776,0.0005449492484331131,100,0,1,0.01,8,92,-1256.8199999999995,0.001,918.1568379402161
777,0.002529897391796112,100,0,5,0.05,2,98,-1213.7899999999995,0.001,919.3948409557343
778,0.000509616918861866,100,0,3,0.03,5,95,-1226.5099999999998,0.001,920.7304930686951
779,0.00047835227102041247,100,0,1,0.01,12,88,-1248.429999999999,0.001,921.9861240386963
780,0.00046267349272966385,100,0,7,0.07,9,91,-1200.2599999999993,0.001,923.2424340248108
781,0.00044757675379514695,100,0,2,0.02,2,98,-1246.3899999999985,0.001,924.5503339767456
782,0.0004736684262752533,100,0,7,0.07,9,91,-1206.4199999999992,0.001,925.752119064331
783,0.0004392876103520393,100,0,7,0.07,10,90,-1210.6199999999992,0.001,927.0005240440369
784,0.0021176743507385254,100,0,4,0.04,2,98,-1233.3199999999995,0.001,928.347934961319
785,0.0003743854910135269,100,0,15,0.15,8,92,-1110.4999999999998,0.001,929.5376350879669
786,0.0003770150989294052,100,0,15,0.15,7,93,-1079.9900000000002,0.001,930.6547260284424
787,0.0003831895813345909,100,0,16,0.16,8,92,-1106.66,0.001,931.8225858211517
788,0.00035146202892065046,100,0,10,0.1,10,90,-1161.6099999999992,0.001,933.081955909729
789,0.0014847739040851594,100,0,9,0.09,4,96,-1174.3299999999995,0.001,934.2471859455109
790,0.00033278889954090117,100,0,13,0.13,10,90,-1107.94,0.001,935.323380947113
791,0.0003210044279694557,100,0,8,0.08,7,93,-1175.1499999999994,0.001,936.4517040252686
792,0.0003126712143421173,100,0,12,0.12,5,95,-1111.5099999999993,0.001,937.5231559276581
793,0.00029554128646850584,100,0,16,0.16,10,90,-1088.7099999999998,0.001,938.5840420722961
794,0.0003000859543681145,100,0,13,0.13,10,90,-1132.4199999999998,0.001,939.8739709854126
795,0.0014008644223213196,100,0,13,0.13,5,95,-1116.0499999999993,0.001,940.9910299777985
796,0.00029472274705767633,100,0,18,0.18,13,87,-1058.3999999999999,0.001,942.1510169506073
797,0.0003022935427725315,100,0,14,0.14,10,90,-1113.9799999999996,0.001,943.3942301273346
798,0.00035095755010843276,100,0,12,0.12,10,90,-1107.2299999999993,0.001,944.525407075882
799,0.0003737233206629753,100,0,7,0.07,13,87,-1188.3699999999992,0.001,945.6814868450165
800,0.00034797970205545424,100,0,12,0.12,7,93,-1156.36,0.001,946.7966349124908
801,0.00038239076733589174,100,0,9,0.09,10,90,-1158.5899999999995,0.001,948.0171039104462
802,0.00036599159240722655,100,0,12,0.12,9,91,-1146.5699999999997,0.001,949.2800772190094
803,0.0004200724512338638,100,0,12,0.12,7,93,-1118.0599999999995,0.001,950.3990290164948
804,0.000398891419172287,100,0,14,0.14,7,93,-1146.8599999999994,0.001,951.5263628959656
805,0.0004284995421767235,100,0,9,0.09,11,89,-1164.5399999999995,0.001,952.6472971439362
806,0.00044732414186000825,100,0,7,0.07,6,94,-1171.1,0.001,953.7800068855286
807,0.0004848366603255272,100,0,5,0.05,12,88,-1191.6199999999994,0.001,954.9060800075531
808,0.000514039508998394,100,0,2,0.02,9,91,-1234.4999999999995,0.001,956.070797920227
809,0.000519045703113079,100,0,3,0.03,4,96,-1220.7499999999993,0.001,957.2269849777222
810,0.0005391381680965423,100,0,1,0.01,8,92,-1251.4499999999998,0.001,958.5340712070465
811,0.0005387584492564201,100,0,3,0.03,7,93,-1229.2199999999991,0.001,959.8636407852173
812,0.0005471281707286835,100,0,2,0.02,9,91,-1246.7999999999988,0.001,961.1989459991455
813,0.0005472541600465775,100,0,1,0.01,9,91,-1247.9099999999996,0.001,962.4765620231628
814,0.0005041000619530677,100,0,5,0.05,8,92,-1222.6099999999997,0.001,963.8176419734955
815,0.0005552203953266144,100,0,1,0.01,10,90,-1255.899999999999,0.001,965.0595278739929
816,0.0005377956107258797,100,0,4,0.04,7,93,-1234.0599999999993,0.001,966.7085239887238
817,0.000550980381667614,100,0,2,0.02,10,90,-1237.0399999999993,0.001,967.9074828624725
818,0.0005427813157439232,100,0,1,0.01,8,92,-1250.9899999999993,0.001,969.0540947914124
819,0.0005409038439393043,100,0,4,0.04,10,90,-1227.5299999999993,0.001,970.1712620258331
820,0.0005362862721085548,100,0,0,0.0,4,96,-1260.8099999999995,0.001,971.3338830471039
821,0.000525345429778099,100,0,2,0.02,10,90,-1239.2599999999993,0.001,972.463693857193
822,0.0005267136916518212,100,0,2,0.02,8,92,-1244.0399999999993,0.001,973.6267600059509
823,0.0004413701966404915,100,0,3,0.03,5,95,-1232.5399999999997,0.001,974.7831120491028
824,0.0005347982794046402,100,0,1,0.01,5,95,-1249.2499999999998,0.001,975.9331278800964
825,0.0005275648459792137,100,0,3,0.03,9,91,-1234.5699999999995,0.001,977.0549600124359
826,0.0005296565964818,100,0,3,0.03,9,91,-1238.2899999999993,0.001,978.1893031597137
827,0.00037403322756290435,100,0,4,0.04,10,90,-1216.8299999999995,0.001,979.299350976944
828,0.0005396759882569314,100,0,1,0.01,11,89,-1248.749999999999,0.001,980.4324009418488
829,0.0005414171889424324,100,0,1,0.01,7,93,-1256.1399999999996,0.001,981.6079409122467
830,0.000552028827369213,100,0,0,0.0,12,88,-1261.3999999999992,0.001,982.752681016922
831,0.0005519040301442146,100,0,1,0.01,6,94,-1247.6199999999997,0.001,983.879546880722
832,0.0005601883307099342,100,0,1,0.01,8,92,-1252.519999999999,0.001,985.0188369750977
833,0.0005581659078598022,100,0,3,0.03,4,96,-1241.4399999999998,0.001,986.1587810516357
834,0.0005539670959115029,100,0,3,0.03,6,94,-1233.3699999999997,0.001,987.2792568206787
835,0.0005628767982125282,100,0,3,0.03,12,88,-1237.909999999999,0.001,988.4345529079437
836,0.0005636224895715714,100,0,1,0.01,13,87,-1253.4699999999993,0.001,989.6159949302673
837,0.0005641908198595047,100,0,2,0.02,8,92,-1241.1599999999996,0.001,990.7482178211212
838,0.0005619434639811515,100,0,1,0.01,7,93,-1253.2499999999993,0.001,991.9102048873901
839,0.0005402384698390961,100,0,3,0.03,7,93,-1230.2799999999997,0.001,993.0555331707001
840,0.0005407838150858879,100,0,0,0.0,6,94,-1261.6099999999988,0.001,994.2187180519104
841,0.0005311980098485947,100,0,4,0.04,7,93,-1224.4699999999996,0.001,995.3419878482819
842,0.0005193521827459336,100,0,1,0.01,11,89,-1247.8199999999997,0.001,996.4987359046936
843,0.0004675227776169777,100,0,4,0.04,8,92,-1220.369999999999,0.001,997.6171879768372
844,0.0004501621425151825,100,0,3,0.03,5,95,-1232.6899999999994,0.001,998.7429928779602
845,0.0004887070134282112,100,0,2,0.02,4,96,-1237.8399999999995,0.001,999.8837788105011
846,0.0004845118150115013,100,0,2,0.02,7,93,-1252.309999999999,0.001,1001.0679149627686
847,0.00043701864778995515,100,0,5,0.05,12,88,-1208.1699999999994,0.001,1002.1801218986511
848,0.00046690840274095537,100,0,2,0.02,9,91,-1252.4599999999994,0.001,1003.3461241722107
849,0.0004764916747808456,100,0,0,0.0,13,87,-1261.9099999999992,0.001,1004.5499420166016
850,0.00044326715171337126,100,0,3,0.03,8,92,-1230.17,0.001,1005.6665689945221
851,0.00047939561307430267,100,0,3,0.03,7,93,-1236.7599999999995,0.001,1006.8083510398865
852,0.00048243705183267596,100,0,2,0.02,7,93,-1251.2299999999993,0.001,1007.9496150016785
853,0.0005003093555569648,100,0,4,0.04,6,94,-1227.909999999999,0.001,1009.0886700153351
854,0.0005092838406562805,100,0,1,0.01,9,91,-1248.7199999999996,0.001,1010.2428679466248
855,0.0004866139590740204,100,0,1,0.01,3,97,-1253.5699999999995,0.001,1011.462925195694
856,0.0005305479839444161,100,0,2,0.02,10,90,-1244.079999999999,0.001,1012.5954179763794
857,0.0005405896157026291,100,0,0,0.0,8,92,-1261.6299999999992,0.001,1013.7575838565826
858,0.0005497471988201142,100,0,0,0.0,2,98,-1260.0999999999995,0.001,1014.9023320674896
859,0.0005519114807248115,100,0,1,0.01,3,97,-1249.0399999999993,0.001,1016.0529570579529
860,0.0005552122741937637,100,0,0,0.0,5,95,-1259.8399999999988,0.001,1017.2032577991486
861,0.0005534877628087997,100,0,0,0.0,9,91,-1260.9799999999993,0.001,1018.3941049575806
862,0.0004919095337390899,100,0,2,0.02,9,91,-1233.3599999999994,0.001,1019.5350999832153
863,0.0005492762103676796,100,0,0,0.0,12,88,-1261.2299999999996,0.001,1020.6907970905304
864,0.0005578237771987915,100,0,0,0.0,8,92,-1261.1499999999987,0.001,1021.8573579788208
865,0.000554133951663971,100,0,0,0.0,5,95,-1261.1199999999992,0.001,1023.0034377574921
866,0.0005595801398158073,100,0,0,0.0,13,87,-1260.799999999999,0.001,1024.151818037033
867,0.0005568615347146988,100,0,0,0.0,10,90,-1261.2099999999991,0.001,1025.2951428890228
868,0.0005551694706082345,100,0,0,0.0,8,92,-1260.8799999999994,0.001,1026.4411971569061
869,0.0005403630435466767,100,0,0,0.0,12,88,-1260.86,0.001,1027.5929880142212
870,0.0005221734568476677,100,0,0,0.0,2,98,-1260.3399999999995,0.001,1028.7486720085144
871,0.0005107459798455238,100,0,0,0.0,8,92,-1260.1299999999992,0.001,1029.8982439041138
872,0.0005098512023687363,100,0,0,0.0,8,92,-1261.7399999999993,0.001,1031.051978111267
873,0.000500989742577076,100,0,0,0.0,4,96,-1260.7799999999995,0.001,1032.2027270793915
874,0.0004919515922665596,100,0,1,0.01,8,92,-1247.4799999999996,0.001,1033.3513958454132
875,0.0005185576528310776,100,0,1,0.01,9,91,-1247.7699999999993,0.001,1034.5172679424286
876,0.0005175183340907096,100,0,0,0.0,13,87,-1260.8199999999995,0.001,1035.6612858772278
877,0.0005179454013705254,100,0,0,0.0,11,89,-1261.7799999999995,0.001,1036.8157930374146
878,0.000519862323999405,100,0,0,0.0,10,90,-1261.5299999999995,0.001,1037.993663072586
879,0.0005422880128026008,100,0,1,0.01,3,97,-1247.5899999999997,0.001,1039.1291000843048
880,0.0005373029410839081,100,0,0,0.0,10,90,-1261.4399999999991,0.001,1040.2808439731598
881,0.0005339419469237328,100,0,0,0.0,7,93,-1260.2399999999996,0.001,1041.4223189353943
882,0.0005354572460055351,100,0,0,0.0,7,93,-1260.8699999999988,0.001,1042.5781672000885
883,0.0005295560508966446,100,0,0,0.0,8,92,-1260.749999999999,0.001,1043.7368500232697
884,0.0005282513424754143,100,0,0,0.0,11,89,-1261.3499999999997,0.001,1044.8997418880463
885,0.0005043908581137658,100,0,0,0.0,5,95,-1261.5799999999988,0.001,1046.0477058887482
886,0.0005040359497070312,100,0,0,0.0,10,90,-1260.9799999999993,0.001,1047.1983399391174
887,0.0004929719120264054,100,0,0,0.0,9,91,-1261.9899999999996,0.001,1048.3750269412994
888,0.0005040176957845688,100,0,0,0.0,9,91,-1261.8199999999997,0.001,1049.5661268234253
889,0.0004777657613158226,100,0,0,0.0,10,90,-1261.0499999999993,0.001,1050.7167429924011
890,0.0004795072227716446,100,0,0,0.0,9,91,-1260.8699999999992,0.001,1051.8749141693115
891,0.0004853876307606697,100,0,0,0.0,5,95,-1261.6099999999992,0.001,1053.0214648246765
892,0.0004903680086135864,100,0,0,0.0,8,92,-1261.0699999999993,0.001,1054.1823890209198
893,0.0004961574077606201,100,0,1,0.01,9,91,-1246.2299999999982,0.001,1055.3121500015259
894,0.000513005256652832,100,0,0,0.0,3,97,-1261.0799999999997,0.001,1056.4745080471039
895,0.0005338677018880844,100,0,0,0.0,10,90,-1260.799999999999,0.001,1057.6158900260925
896,0.0005439634621143341,100,0,1,0.01,7,93,-1246.729999999999,0.001,1058.7478668689728
897,0.0005531227216124535,100,0,0,0.0,6,94,-1261.1699999999994,0.001,1059.8968489170074
898,0.0005371348559856415,100,0,0,0.0,3,97,-1262.6299999999999,0.001,1061.0635590553284
899,0.0005505087971687316,100,0,0,0.0,9,91,-1261.8499999999997,0.001,1062.332237958908
900,0.0005200502648949623,100,0,0,0.0,10,90,-1262.7199999999993,0.001,1063.5641841888428
901,0.000499461144208908,100,0,0,0.0,6,94,-1261.059999999999,0.001,1064.793287038803
902,0.0004846280813217163,100,0,0,0.0,5,95,-1261.6299999999994,0.001,1065.944631099701
903,0.0004757000878453255,100,0,0,0.0,10,90,-1260.6599999999992,0.001,1067.091145992279
904,0.0004716747626662254,100,0,0,0.0,6,94,-1260.7799999999993,0.001,1068.2664048671722
905,0.0004715808853507042,100,0,0,0.0,12,88,-1262.0599999999997,0.001,1069.4183540344238
906,0.0004873853921890259,100,0,0,0.0,11,89,-1261.9999999999993,0.001,1070.5818829536438
907,0.0004948915913701058,100,0,0,0.0,8,92,-1259.9599999999991,0.001,1071.778312921524
908,0.0004907805100083352,100,0,0,0.0,11,89,-1261.5099999999998,0.001,1072.952043056488
909,0.0005193508416414261,100,0,0,0.0,9,91,-1260.3599999999992,0.001,1074.109389781952
910,0.0005252870172262192,100,0,1,0.01,10,90,-1250.8199999999997,0.001,1075.2490680217743
911,0.0005297994241118432,100,0,0,0.0,5,95,-1262.5699999999997,0.001,1076.4060769081116
912,0.0005333162844181061,100,0,0,0.0,10,90,-1260.8099999999997,0.001,1077.5578980445862
913,0.0005420150235295295,100,0,1,0.01,4,96,-1247.9999999999995,0.001,1078.7258069515228
914,0.000538155809044838,100,0,0,0.0,10,90,-1261.0199999999995,0.001,1079.9370079040527
915,0.0005440393462777138,100,0,0,0.0,9,91,-1259.9999999999993,0.001,1081.1402719020844
916,0.0005414247140288353,100,0,0,0.0,3,97,-1259.2899999999993,0.001,1082.3248550891876
917,0.0005441436916589737,100,0,1,0.01,6,94,-1246.7099999999987,0.001,1083.5136280059814
918,0.0005433806777000428,100,0,0,0.0,5,95,-1260.549999999999,0.001,1084.727814912796
919,0.0005048332363367081,100,0,1,0.01,9,91,-1248.0699999999995,0.001,1085.8790900707245
920,0.0005381117016077042,100,0,0,0.0,6,94,-1260.9899999999993,0.001,1087.028450012207
921,0.0005430302396416664,100,0,1,0.01,11,89,-1248.04,0.001,1088.2021880149841
922,0.0005370420217514038,100,0,0,0.0,10,90,-1261.4599999999994,0.001,1089.3925881385803
923,0.0005420768260955811,100,0,0,0.0,5,95,-1261.1899999999996,0.001,1090.576817035675
924,0.0005276796594262123,100,0,0,0.0,4,96,-1260.5999999999997,0.001,1091.7497720718384
925,0.0005300199240446091,100,0,0,0.0,9,91,-1261.0999999999997,0.001,1092.9337520599365
926,0.0005263219028711319,100,0,1,0.01,11,89,-1254.4099999999994,0.001,1094.1491520404816
927,0.0005220388993620872,100,0,3,0.03,11,89,-1233.9099999999999,0.001,1095.362097978592
928,0.0005173213407397271,100,0,2,0.02,9,91,-1245.1799999999996,0.001,1096.529671907425
929,0.0004308929666876793,100,0,2,0.02,8,92,-1238.7099999999991,0.001,1097.6948218345642
930,0.0005167630687355995,100,0,3,0.03,7,93,-1234.1699999999994,0.001,1098.8469948768616
931,0.0005084223300218582,100,0,1,0.01,8,92,-1248.6199999999992,0.001,1099.998048067093
932,0.0005016869679093361,100,0,1,0.01,9,91,-1247.9199999999987,0.001,1101.1449999809265
933,0.0005054464563727379,100,0,4,0.04,3,97,-1222.5899999999995,0.001,1102.2687389850616
934,0.0005133811011910439,100,0,0,0.0,8,92,-1259.9199999999994,0.001,1103.4233820438385
935,0.0005160093680024147,100,0,1,0.01,7,93,-1255.479999999999,0.001,1104.567438840866
936,0.0005091428011655808,100,0,3,0.03,6,94,-1238.929999999999,0.001,1105.703409910202
937,0.0005192666873335838,100,0,0,0.0,5,95,-1262.3199999999997,0.001,1106.8522839546204
938,0.0005034925788640976,100,0,4,0.04,7,93,-1223.6099999999992,0.001,1107.9914960861206
939,0.0004842568188905716,100,0,2,0.02,2,98,-1244.2299999999996,0.001,1109.1926448345184
940,0.0004995202645659447,100,0,3,0.03,10,90,-1234.759999999999,0.001,1110.337154865265
941,0.0004986851289868354,100,0,0,0.0,11,89,-1261.5399999999997,0.001,1111.4986848831177
942,0.0004913684353232383,100,0,0,0.0,3,97,-1258.6799999999996,0.001,1112.6610209941864
943,0.00048204056918621063,100,0,1,0.01,2,98,-1254.5199999999998,0.001,1113.817165851593
944,0.000447554811835289,100,0,2,0.02,10,90,-1238.5599999999997,0.001,1114.9437019824982
945,0.00045894253998994826,100,0,3,0.03,6,94,-1239.9599999999996,0.001,1116.0808091163635
946,0.0004770136997103691,100,0,5,0.05,3,97,-1223.6299999999997,0.001,1117.204679965973
947,0.00045075885951519014,100,0,3,0.03,2,98,-1238.5599999999995,0.001,1118.3599441051483
948,0.0004926528036594391,100,0,1,0.01,4,96,-1251.6499999999994,0.001,1119.515408039093
949,0.0004999743402004242,100,0,1,0.01,9,91,-1250.3199999999995,0.001,1120.8253781795502
950,0.0005007832497358323,100,0,3,0.03,13,87,-1237.729999999999,0.001,1122.6088919639587
951,0.0004302328079938889,100,0,8,0.08,9,91,-1203.6799999999992,0.001,1123.9643630981445
952,0.0004759695753455162,100,0,7,0.07,8,92,-1198.9699999999993,0.001,1125.30313205719
953,0.0018415720760822296,100,0,8,0.08,3,97,-1198.7499999999995,0.001,1126.4994549751282
954,0.0004931673407554627,100,0,8,0.08,7,93,-1187.1799999999994,0.001,1127.6168158054352
955,0.0005072175711393356,100,0,7,0.07,3,97,-1198.509999999999,0.001,1128.7466051578522
956,0.0005038423091173173,100,0,9,0.09,7,93,-1168.2299999999996,0.001,1129.8608121871948
957,0.00048431433737277984,100,0,12,0.12,11,89,-1147.01,0.001,1130.9527480602264
958,0.002155948430299759,100,0,11,0.11,2,98,-1154.6099999999994,0.001,1132.0508251190186
959,0.0004339034855365753,100,0,15,0.15,8,92,-1080.4100000000003,0.001,1133.0998969078064
960,0.00040256623178720475,100,0,16,0.16,10,90,-1080.1999999999996,0.001,1134.1303958892822
961,0.00032358966767787934,100,0,13,0.13,7,93,-1115.5899999999997,0.001,1135.1872551441193
962,0.0003118530847132206,100,0,11,0.11,12,88,-1149.3499999999992,0.001,1136.2819459438324
963,0.0003395938128232956,100,0,18,0.18,9,91,-1054.74,0.001,1137.394103050232
964,0.0003596346080303192,100,0,15,0.15,5,95,-1121.4999999999995,0.001,1138.599123954773
965,0.00036096956580877304,100,0,14,0.14,5,95,-1103.29,0.001,1139.7023141384125
966,0.0003634905070066452,100,0,12,0.12,10,90,-1132.1099999999994,0.001,1140.78813290596
967,0.0003663892298936844,100,0,12,0.12,10,90,-1152.6599999999994,0.001,1141.8964369297028
968,0.00038855269551277163,100,0,13,0.13,10,90,-1125.5299999999995,0.001,1143.08687210083
969,0.0003156194090843201,100,0,17,0.17,5,95,-1055.6,0.001,1144.2940061092377
970,0.00044192619621753694,100,0,14,0.14,9,91,-1119.7799999999995,0.001,1145.4158611297607
971,0.0004753275588154793,100,0,14,0.14,4,96,-1101.3799999999994,0.001,1146.4920678138733
972,0.0004746046289801598,100,0,14,0.14,9,91,-1124.29,0.001,1147.5492281913757
973,0.0005048002675175667,100,0,13,0.13,9,91,-1119.9599999999994,0.001,1148.5894348621368
974,0.00046564947813749314,100,0,13,0.13,8,92,-1126.5399999999993,0.001,1149.6575829982758
975,0.00047546617686748503,100,0,17,0.17,12,88,-1074.32,0.001,1150.6616830825806
976,0.0017215602099895477,100,0,12,0.12,4,96,-1167.3899999999999,0.001,1151.742133140564
977,0.000546703040599823,100,0,8,0.08,10,90,-1185.0399999999995,0.001,1152.8612880706787
978,0.0004223315417766571,100,0,11,0.11,10,90,-1159.0999999999997,0.001,1153.9783251285553
979,0.00048740919679403306,100,0,13,0.13,5,95,-1143.6599999999994,0.001,1155.0534191131592
980,0.0005565570294857026,100,0,8,0.08,11,89,-1179.9299999999996,0.001,1156.1699421405792
981,0.000504552498459816,100,0,14,0.14,8,92,-1125.0599999999997,0.001,1157.234053850174
982,0.0004643537104129791,100,0,15,0.15,12,88,-1105.499999999999,0.001,1158.261512041092
983,0.0005253881216049194,100,0,10,0.1,6,94,-1159.3799999999994,0.001,1159.3390522003174
984,0.0019164477288722993,100,0,14,0.14,2,98,-1130.6899999999996,0.001,1160.3801128864288
985,0.0004598969593644142,100,0,12,0.12,7,93,-1145.7399999999998,0.001,1161.4415171146393
986,0.00042493175715208054,100,0,11,0.11,4,96,-1161.139999999999,0.001,1162.5230028629303
987,0.0005516552180051804,100,0,14,0.14,9,91,-1134.4899999999998,0.001,1163.5862700939178
988,0.0004065801575779915,100,0,11,0.11,9,91,-1157.2899999999997,0.001,1164.6685769557953
989,0.00039026349782943725,100,0,9,0.09,3,97,-1169.7199999999998,0.001,1165.7614920139313
990,0.0004319465532898903,100,0,9,0.09,11,89,-1181.4699999999993,0.001,1166.8649520874023
991,0.0004251753911375999,100,0,5,0.05,13,87,-1214.7599999999989,0.001,1167.9781320095062
992,0.0004200444370508194,100,0,0,0.0,7,93,-1261.0499999999993,0.001,1169.1775650978088
993,0.00037784162908792494,100,0,0,0.0,4,96,-1261.499999999999,0.001,1170.3324370384216
994,0.00037499167025089263,100,0,0,0.0,7,93,-1261.979999999999,0.001,1171.4867148399353
995,0.00036956164985895156,100,0,0,0.0,5,95,-1261.6799999999994,0.001,1172.6425008773804
996,0.0003658253699541092,100,0,0,0.0,4,96,-1259.9699999999991,0.001,1173.8010709285736
997,0.0003740734979510307,100,0,0,0.0,6,94,-1262.3599999999992,0.001,1174.9566748142242
998,0.00039674799889326094,100,0,0,0.0,10,90,-1261.7399999999996,0.001,1176.1092290878296
999,0.00041568573564291,100,0,0,0.0,8,92,-1259.9299999999994,0.001,1177.262421131134
