epoch,episode,step,dopamine,reward,status
138,0,0,1.0,-0.04,not_over
138,0,1,1.0,-0.04,not_over
138,0,2,1.0,-0.04,not_over
138,0,3,1.0,1.0,win
138,1,0,1.0,-0.04,not_over
138,1,1,1.0,1.0,win
138,2,0,1.0,-0.04,not_over
138,2,1,1.0,-0.04,not_over
138,2,2,1.0,-0.04,not_over
138,2,3,1.0,1.0,win
138,3,0,1.0,-0.04,not_over
138,3,1,1.0,-0.04,not_over
138,3,2,1.0,-0.04,not_over
138,3,3,1.0,-0.04,not_over
138,3,4,1.0,-0.04,not_over
138,3,5,1.0,-0.04,not_over
138,3,6,1.0,-0.04,not_over
138,3,7,1.0,-0.04,not_over
138,3,8,1.0,-0.04,not_over
138,3,9,1.0,1.0,win
138,4,0,1.0,-0.04,not_over
138,4,1,1.0,-0.04,not_over
138,4,2,1.0,-0.04,not_over
138,4,3,1.0,-0.04,not_over
138,4,4,1.0,-0.04,not_over
138,4,5,1.0,-0.04,not_over
138,4,6,1.0,-0.04,not_over
138,4,7,1.0,-0.04,not_over
138,4,8,1.0,-0.04,not_over
138,4,9,1.0,1.0,win
138,5,0,1.0,-0.25,not_over
138,5,1,1.0,-0.25,not_over
138,5,2,1.0,-0.25,not_over
138,5,3,1.0,-0.25,not_over
138,5,4,1.0,-0.25,not_over
138,5,5,1.0,-0.25,not_over
138,5,6,1.0,-0.25,not_over
138,5,7,1.0,-0.25,not_over
138,5,8,1.0,-0.25,not_over
138,5,9,1.0,-0.25,not_over
138,5,10,1.0,-0.25,not_over
138,5,11,1.0,-0.25,not_over
138,5,12,1.0,-0.25,not_over
138,5,13,0.9992079138755798,-0.25,not_over
138,5,14,0.9939780235290527,-0.25,not_over
138,5,15,0.9901453852653503,-0.25,not_over
138,5,16,0.9866126179695129,-0.25,not_over
138,5,17,0.9835104942321777,-0.25,not_over
138,5,18,0.9807602167129517,-0.25,not_over
138,5,19,0.9783266186714172,-0.25,not_over
138,5,20,0.9761722683906555,-0.25,not_over
138,5,21,0.9742653369903564,-0.25,not_over
138,5,22,0.9725772142410278,-0.25,not_over
138,5,23,0.9710829854011536,-0.25,not_over
138,5,24,0.9697602987289429,-0.25,not_over
138,5,25,0.9685893654823303,-0.25,not_over
138,5,26,0.967552900314331,-0.25,not_over
138,5,27,0.9666354060173035,-0.25,not_over
138,5,28,0.965823233127594,-0.25,not_over
138,5,29,0.9651042222976685,-0.25,not_over
138,5,30,0.9644677639007568,-0.25,not_over
138,5,31,0.9639043807983398,-0.25,not_over
138,5,32,0.9634056091308594,-0.25,not_over
138,5,33,0.9629641175270081,-0.25,not_over
138,5,34,0.962573230266571,-0.25,not_over
138,5,35,0.9622272253036499,-0.25,not_over
138,5,36,0.961920976638794,-0.25,not_over
138,5,37,0.9616497755050659,-0.25,not_over
138,5,38,0.961409866809845,-0.25,not_over
138,5,39,0.9611974358558655,-0.25,not_over
138,5,40,0.9610093235969543,-0.25,not_over
138,5,41,0.9608428478240967,-0.25,not_over
138,5,42,0.9606954455375671,-0.25,not_over
138,5,43,0.9605649709701538,-0.25,not_over
138,5,44,0.9604493975639343,-0.25,not_over
138,5,45,0.9603471755981445,-0.25,not_over
138,5,46,0.9602566957473755,-0.25,not_over
138,5,47,0.9601765871047974,-0.25,not_over
138,5,48,0.9601055979728699,-0.25,not_over
138,5,49,0.9600428342819214,-0.25,not_over
138,5,50,0.959987223148346,-0.25,lose
138,6,0,1.0,-0.04,not_over
138,6,1,1.0,-0.04,not_over
138,6,2,1.0,-0.04,not_over
138,6,3,1.0,-0.04,not_over
138,6,4,1.0,-0.04,not_over
138,6,5,1.0,-0.04,not_over
138,6,6,1.0,-0.04,not_over
138,6,7,1.0,-0.04,not_over
138,6,8,1.0,1.0,win
138,7,0,1.0,1.0,win
138,8,0,1.0,-0.04,not_over
138,8,1,1.0,-0.04,not_over
138,8,2,1.0,1.0,win
138,9,0,1.0,-0.04,not_over
138,9,1,1.0,1.0,win
138,10,0,1.0,-0.04,not_over
138,10,1,1.0,-0.04,not_over
138,10,2,1.0,-0.04,not_over
138,10,3,1.0,-0.04,not_over
138,10,4,1.0,-0.04,not_over
138,10,5,1.0,1.0,win
138,11,0,1.0,1.0,win
138,12,0,1.0,-0.04,not_over
138,12,1,1.0,-0.04,not_over
138,12,2,1.0,1.0,win
138,13,0,1.0,1.0,win
138,14,0,1.0,-0.04,not_over
138,14,1,1.0,1.0,win
138,15,0,1.0,-0.04,not_over
138,15,1,1.0,1.0,win
138,16,0,1.0,-0.04,not_over
138,16,1,1.0,-0.04,not_over
138,16,2,1.0,-0.04,not_over
138,16,3,1.0,-0.04,not_over
138,16,4,1.0,-0.04,not_over
138,16,5,1.0,-0.04,not_over
138,16,6,1.0,-0.04,not_over
138,16,7,1.0,-0.04,not_over
138,16,8,1.0,-0.04,not_over
138,16,9,1.0,1.0,win
138,17,0,1.0,-0.04,not_over
138,17,1,1.0,-0.04,not_over
138,17,2,1.0,-0.04,not_over
138,17,3,1.0,1.0,win
138,18,0,1.0,-0.04,not_over
138,18,1,1.0,-0.04,not_over
138,18,2,1.0,-0.04,not_over
138,18,3,1.0,1.0,win
138,19,0,1.0,-0.04,not_over
138,19,1,1.0,1.0,win
138,20,0,1.0,-0.04,not_over
138,20,1,1.0,-0.04,not_over
138,20,2,1.0,-0.04,not_over
138,20,3,1.0,-0.04,not_over
138,20,4,1.0,-0.04,not_over
138,20,5,1.0,1.0,win
138,21,0,1.0,-0.04,not_over
138,21,1,1.0,1.0,win
138,22,0,1.0,-0.04,not_over
138,22,1,1.0,-0.04,not_over
138,22,2,1.0,-0.04,not_over
138,22,3,1.0,-0.04,not_over
138,22,4,1.0,1.0,win
138,23,0,1.0,-0.04,not_over
138,23,1,1.0,-0.04,not_over
138,23,2,1.0,-0.04,not_over
138,23,3,1.0,-0.04,not_over
138,23,4,1.0,1.0,win
138,24,0,1.0,1.0,win
138,25,0,1.0,-0.04,not_over
138,25,1,1.0,-0.04,not_over
138,25,2,1.0,-0.04,not_over
138,25,3,1.0,-0.04,not_over
138,25,4,1.0,1.0,win
138,26,0,1.0,-0.04,not_over
138,26,1,1.0,-0.04,not_over
138,26,2,1.0,1.0,win
138,27,0,1.0,-0.04,not_over
138,27,1,1.0,-0.04,not_over
138,27,2,1.0,-0.04,not_over
138,27,3,1.0,1.0,win
138,28,0,1.0,-0.04,not_over
138,28,1,1.0,-0.04,not_over
138,28,2,1.0,-0.04,not_over
138,28,3,1.0,1.0,win
138,29,0,1.0,-0.04,not_over
138,29,1,1.0,-0.04,not_over
138,29,2,1.0,-0.04,not_over
138,29,3,1.0,-0.04,not_over
138,29,4,1.0,-0.04,not_over
138,29,5,1.0,1.0,win
138,30,0,1.0,-0.04,not_over
138,30,1,1.0,1.0,win
138,31,0,1.0,1.0,win
138,32,0,1.0,-0.04,not_over
138,32,1,1.0,-0.04,not_over
138,32,2,1.0,-0.04,not_over
138,32,3,1.0,-0.04,not_over
138,32,4,1.0,-0.04,not_over
138,32,5,1.0,-0.04,not_over
138,32,6,1.0,-0.04,not_over
138,32,7,1.0,-0.04,not_over
138,32,8,1.0,-0.04,not_over
138,32,9,1.0,1.0,win
138,33,0,1.0,-0.04,not_over
138,33,1,1.0,-0.04,not_over
138,33,2,1.0,-0.04,not_over
138,33,3,1.0,-0.04,not_over
138,33,4,1.0,-0.04,not_over
138,33,5,1.0,1.0,win
138,34,0,1.0,-0.04,not_over
138,34,1,1.0,-0.04,not_over
138,34,2,1.0,1.0,win
138,35,0,1.0,-0.04,not_over
138,35,1,1.0,-0.04,not_over
138,35,2,1.0,1.0,win
138,36,0,1.0,-0.04,not_over
138,36,1,1.0,-0.04,not_over
138,36,2,1.0,-0.04,not_over
138,36,3,1.0,-0.04,not_over
138,36,4,1.0,1.0,win
138,37,0,1.0,-0.04,not_over
138,37,1,1.0,-0.04,not_over
138,37,2,1.0,-0.04,not_over
138,37,3,1.0,-0.04,not_over
138,37,4,1.0,-0.04,not_over
138,37,5,1.0,-0.04,not_over
138,37,6,1.0,1.0,win
138,38,0,1.0,-0.04,not_over
138,38,1,1.0,-0.04,not_over
138,38,2,1.0,-0.04,not_over
138,38,3,1.0,-0.04,not_over
138,38,4,1.0,1.0,win
138,39,0,1.0,-0.04,not_over
138,39,1,1.0,-0.04,not_over
138,39,2,1.0,-0.04,not_over
138,39,3,1.0,1.0,win
138,40,0,1.0,-0.04,not_over
138,40,1,1.0,1.0,win
138,41,0,1.0,-0.04,not_over
138,41,1,1.0,-0.04,not_over
138,41,2,1.0,-0.04,not_over
138,41,3,1.0,1.0,win
138,42,0,1.0,-0.04,not_over
138,42,1,1.0,1.0,win
138,43,0,1.0,-0.04,not_over
138,43,1,1.0,-0.04,not_over
138,43,2,1.0,-0.04,not_over
138,43,3,1.0,-0.04,not_over
138,43,4,1.0,-0.04,not_over
138,43,5,1.0,-0.04,not_over
138,43,6,1.0,-0.04,not_over
138,43,7,1.0,-0.04,not_over
138,43,8,1.0,1.0,win
138,44,0,1.0,-0.04,not_over
138,44,1,1.0,-0.04,not_over
138,44,2,1.0,-0.04,not_over
138,44,3,1.0,1.0,win
138,45,0,1.0,-0.04,not_over
138,45,1,1.0,-0.04,not_over
138,45,2,1.0,-0.04,not_over
138,45,3,1.0,-0.04,not_over
138,45,4,1.0,-0.04,not_over
138,45,5,1.0,-0.04,not_over
138,45,6,1.0,-0.04,not_over
138,45,7,1.0,-0.04,not_over
138,45,8,1.0,1.0,win
138,46,0,1.0,-0.04,not_over
138,46,1,1.0,-0.04,not_over
138,46,2,1.0,-0.04,not_over
138,46,3,1.0,-0.04,not_over
138,46,4,1.0,-0.04,not_over
138,46,5,1.0,-0.04,not_over
138,46,6,1.0,1.0,win
138,47,0,1.0,-0.04,not_over
138,47,1,1.0,-0.04,not_over
138,47,2,1.0,-0.04,not_over
138,47,3,1.0,-0.04,not_over
138,47,4,1.0,-0.04,not_over
138,47,5,1.0,1.0,win
138,48,0,1.0,-0.04,not_over
138,48,1,1.0,-0.04,not_over
138,48,2,1.0,-0.04,not_over
138,48,3,1.0,1.0,win
138,49,0,1.0,-0.04,not_over
138,49,1,1.0,-0.04,not_over
138,49,2,1.0,-0.04,not_over
138,49,3,1.0,1.0,win
138,50,0,1.0,-0.25,not_over
138,50,1,1.0,-0.25,not_over
138,50,2,1.0,-0.25,not_over
138,50,3,1.0,-0.25,not_over
138,50,4,1.0,-0.25,not_over
138,50,5,1.0,-0.25,not_over
138,50,6,1.0,-0.25,not_over
138,50,7,1.0,-0.25,not_over
138,50,8,1.0,-0.25,not_over
138,50,9,1.0,-0.25,not_over
138,50,10,1.0,-0.25,not_over
138,50,11,1.0,-0.25,not_over
138,50,12,1.0,-0.25,not_over
138,50,13,1.0,-0.25,not_over
138,50,14,1.0,-0.25,not_over
138,50,15,0.9947660565376282,-0.25,not_over
138,50,16,0.9908275604248047,-0.25,not_over
138,50,17,0.9872192144393921,-0.25,not_over
138,50,18,0.9840469360351562,-0.25,not_over
138,50,19,0.981235146522522,-0.25,not_over
138,50,20,0.9787470102310181,-0.25,not_over
138,50,21,0.9765443801879883,-0.25,not_over
138,50,22,0.9745947122573853,-0.25,not_over
138,50,23,0.9728688597679138,-0.25,not_over
138,50,24,0.9713411331176758,-0.25,not_over
138,50,25,0.9699888229370117,-0.25,not_over
138,50,26,0.9687917232513428,-0.25,not_over
138,50,27,0.9677320718765259,-0.25,not_over
138,50,28,0.9667940139770508,-0.25,not_over
138,50,29,0.96596360206604,-0.25,not_over
138,50,30,0.9652285575866699,-0.25,not_over
138,50,31,0.9645777940750122,-0.25,not_over
138,50,32,0.9640017151832581,-0.25,not_over
138,50,33,0.9634918570518494,-0.25,not_over
138,50,34,0.9630404114723206,-0.25,not_over
138,50,35,0.9626408219337463,-0.25,not_over
138,50,36,0.9622870683670044,-0.25,not_over
138,50,37,0.9619739651679993,-0.25,not_over
138,50,38,0.9616967439651489,-0.25,not_over
138,50,39,0.9614514112472534,-0.25,not_over
138,50,40,0.9612341523170471,-0.25,not_over
138,50,41,0.9610418677330017,-0.25,not_over
138,50,42,0.9608715772628784,-0.25,not_over
138,50,43,0.9607208371162415,-0.25,not_over
138,50,44,0.9605874419212341,-0.25,not_over
138,50,45,0.9604693651199341,-0.25,not_over
138,50,46,0.960364818572998,-0.25,not_over
138,50,47,0.9602722525596619,-0.25,not_over
138,50,48,0.9601902961730957,-0.25,not_over
138,50,49,0.960117757320404,-0.25,not_over
138,50,50,0.9600535035133362,-0.25,lose
138,51,0,1.0,-0.25,not_over
138,51,1,1.0,-0.25,not_over
138,51,2,1.0,-0.25,not_over
138,51,3,1.0,-0.25,not_over
138,51,4,1.0,-0.25,not_over
138,51,5,1.0,-0.25,not_over
138,51,6,1.0,-0.25,not_over
138,51,7,1.0,-0.25,not_over
138,51,8,0.9981427192687988,-0.25,not_over
138,51,9,0.9932222962379456,-0.25,not_over
138,51,10,0.9894436001777649,-0.25,not_over
138,51,11,0.9859973192214966,-0.25,not_over
138,51,12,0.982964813709259,-0.25,not_over
138,51,13,0.980277419090271,-0.25,not_over
138,51,14,0.9778991937637329,-0.25,not_over
138,51,15,0.9757938981056213,-0.25,not_over
138,51,16,0.9739304184913635,-0.25,not_over
138,51,17,0.9722808003425598,-0.25,not_over
138,51,18,0.9708206653594971,-0.25,not_over
138,51,19,0.9695279598236084,-0.25,not_over
138,51,20,0.9683837890625,-0.25,not_over
138,51,21,0.9673709273338318,-0.25,not_over
138,51,22,0.9664743542671204,-0.25,not_over
138,51,23,0.965680718421936,-0.25,not_over
138,51,24,0.9649779796600342,-0.25,not_over
138,51,25,0.9643560647964478,-0.25,not_over
138,51,26,0.9638054370880127,-0.25,not_over
138,51,27,0.9633180499076843,-0.25,not_over
138,51,28,0.9628865718841553,-0.25,not_over
138,51,29,0.9625046253204346,-0.25,not_over
138,51,30,0.9621664881706238,-0.25,not_over
138,51,31,0.9618672132492065,-0.25,not_over
138,51,32,0.9616022109985352,-0.25,not_over
138,51,33,0.961367666721344,-0.25,not_over
138,51,34,0.9611600041389465,-0.25,not_over
138,51,35,0.9609761834144592,-0.25,not_over
138,51,36,0.9608134627342224,-0.25,not_over
138,51,37,0.9606694579124451,-0.25,not_over
138,51,38,0.9605419039726257,-0.25,not_over
138,51,39,0.9604290127754211,-0.25,not_over
138,51,40,0.9603291749954224,-0.25,not_over
138,51,41,0.9602406620979309,-0.25,not_over
138,51,42,0.9601624011993408,-0.25,not_over
138,51,43,0.960093080997467,-0.25,not_over
138,51,44,0.9600317478179932,-0.25,not_over
138,51,45,0.9599774479866028,-0.25,not_over
138,51,46,0.959929347038269,-0.25,not_over
138,51,47,0.9598867893218994,-0.25,not_over
138,51,48,0.9598490595817566,-0.25,not_over
138,51,49,0.9598156809806824,-0.25,not_over
138,51,50,0.9597861170768738,-0.25,lose
138,52,0,1.0,-0.04,not_over
138,52,1,1.0,-0.04,not_over
138,52,2,1.0,-0.04,not_over
138,52,3,1.0,-0.04,not_over
138,52,4,1.0,-0.04,not_over
138,52,5,1.0,-0.04,not_over
138,52,6,1.0,-0.04,not_over
138,52,7,1.0,-0.04,not_over
138,52,8,1.0,1.0,win
138,53,0,1.0,1.0,win
138,54,0,1.0,-0.04,not_over
138,54,1,1.0,-0.04,not_over
138,54,2,1.0,-0.04,not_over
138,54,3,1.0,-0.04,not_over
138,54,4,1.0,-0.04,not_over
138,54,5,1.0,-0.04,not_over
138,54,6,1.0,-0.04,not_over
138,54,7,1.0,-0.04,not_over
138,54,8,1.0,1.0,win
138,55,0,1.0,-0.04,not_over
138,55,1,1.0,-0.04,not_over
138,55,2,1.0,-0.04,not_over
138,55,3,1.0,-0.04,not_over
138,55,4,1.0,-0.04,not_over
138,55,5,1.0,-0.04,not_over
138,55,6,1.0,-0.04,not_over
138,55,7,1.0,-0.04,not_over
138,55,8,1.0,1.0,win
138,56,0,1.0,-0.04,not_over
138,56,1,1.0,1.0,win
138,57,0,1.0,-0.04,not_over
138,57,1,1.0,-0.04,not_over
138,57,2,1.0,1.0,win
138,58,0,1.0,-0.04,not_over
138,58,1,1.0,-0.04,not_over
138,58,2,1.0,-0.04,not_over
138,58,3,1.0,-0.04,not_over
138,58,4,1.0,1.0,win
138,59,0,1.0,-0.04,not_over
138,59,1,1.0,-0.04,not_over
138,59,2,1.0,-0.04,not_over
138,59,3,1.0,-0.04,not_over
138,59,4,1.0,-0.04,not_over
138,59,5,1.0,-0.04,not_over
138,59,6,1.0,-0.04,not_over
138,59,7,1.0,-0.04,not_over
138,59,8,1.0,-0.04,not_over
138,59,9,1.0,1.0,win
138,60,0,1.0,-0.04,not_over
138,60,1,1.0,-0.04,not_over
138,60,2,1.0,-0.04,not_over
138,60,3,1.0,1.0,win
138,61,0,1.0,-0.04,not_over
138,61,1,1.0,-0.04,not_over
138,61,2,1.0,1.0,win
138,62,0,1.0,-0.25,not_over
138,62,1,1.0,-0.25,not_over
138,62,2,1.0,-0.25,not_over
138,62,3,1.0,-0.25,not_over
138,62,4,1.0,-0.25,not_over
138,62,5,1.0,-0.25,not_over
138,62,6,1.0,-0.25,not_over
138,62,7,1.0,-0.25,not_over
138,62,8,1.0,-0.25,not_over
138,62,9,1.0,-0.25,not_over
138,62,10,1.0,-0.25,not_over
138,62,11,1.0,-0.25,not_over
138,62,12,1.0,-0.25,not_over
138,62,13,1.0,-0.25,not_over
138,62,14,1.0,-0.25,not_over
138,62,15,0.9974138736724854,-0.25,not_over
138,62,16,0.9927053451538086,-0.25,not_over
138,62,17,0.9889634251594543,-0.25,not_over
138,62,18,0.9855762720108032,-0.25,not_over
138,62,19,0.9825913906097412,-0.25,not_over
138,62,20,0.9799469709396362,-0.25,not_over
138,62,21,0.9776066541671753,-0.25,not_over
138,62,22,0.975534975528717,-0.25,not_over
138,62,23,0.9737011790275574,-0.25,not_over
138,62,24,0.9720778465270996,-0.25,not_over
138,62,25,0.970641016960144,-0.25,not_over
138,62,26,0.9693689942359924,-0.25,not_over
138,62,27,0.9682430624961853,-0.25,not_over
138,62,28,0.9672463536262512,-0.25,not_over
138,62,29,0.9663640260696411,-0.25,not_over
138,62,30,0.9655829668045044,-0.25,not_over
138,62,31,0.9648915529251099,-0.25,not_over
138,62,32,0.9642795324325562,-0.25,not_over
138,62,33,0.9637376666069031,-0.25,not_over
138,62,34,0.9632580876350403,-0.25,not_over
138,62,35,0.9628335237503052,-0.25,not_over
138,62,36,0.9624576568603516,-0.25,not_over
138,62,37,0.9621249437332153,-0.25,not_over
138,62,38,0.9618304371833801,-0.25,not_over
138,62,39,0.9615696668624878,-0.25,not_over
138,62,40,0.9613388776779175,-0.25,not_over
138,62,41,0.9611344933509827,-0.25,not_over
138,62,42,0.9609537124633789,-0.25,not_over
138,62,43,0.9607934951782227,-0.25,not_over
138,62,44,0.9606518149375916,-0.25,not_over
138,62,45,0.9605263471603394,-0.25,not_over
138,62,46,0.960415244102478,-0.25,not_over
138,62,47,0.9603168964385986,-0.25,not_over
138,62,48,0.9602298736572266,-0.25,not_over
138,62,49,0.960152804851532,-0.25,not_over
138,62,50,0.9600845575332642,-0.25,lose
138,63,0,1.0,-0.04,not_over
138,63,1,1.0,1.0,win
138,64,0,1.0,1.0,win
138,65,0,1.0,-0.04,not_over
138,65,1,1.0,-0.04,not_over
138,65,2,1.0,-0.04,not_over
138,65,3,1.0,1.0,win
138,66,0,1.0,-0.04,not_over
138,66,1,1.0,-0.04,not_over
138,66,2,1.0,-0.04,not_over
138,66,3,1.0,1.0,win
138,67,0,1.0,-0.04,not_over
138,67,1,1.0,-0.04,not_over
138,67,2,1.0,-0.04,not_over
138,67,3,1.0,-0.04,not_over
138,67,4,1.0,-0.04,not_over
138,67,5,1.0,1.0,win
138,68,0,1.0,-0.04,not_over
138,68,1,1.0,-0.04,not_over
138,68,2,1.0,-0.04,not_over
138,68,3,1.0,1.0,win
138,69,0,1.0,1.0,win
138,70,0,1.0,-0.04,not_over
138,70,1,1.0,-0.04,not_over
138,70,2,1.0,1.0,win
138,71,0,1.0,-0.04,not_over
138,71,1,1.0,1.0,win
138,72,0,1.0,-0.04,not_over
138,72,1,1.0,-0.04,not_over
138,72,2,1.0,-0.04,not_over
138,72,3,1.0,-0.04,not_over
138,72,4,1.0,1.0,win
138,73,0,1.0,-0.04,not_over
138,73,1,1.0,-0.04,not_over
138,73,2,1.0,-0.04,not_over
138,73,3,1.0,-0.04,not_over
138,73,4,1.0,1.0,win
138,74,0,1.0,-0.04,not_over
138,74,1,1.0,-0.04,not_over
138,74,2,1.0,-0.04,not_over
138,74,3,1.0,-0.04,not_over
138,74,4,1.0,1.0,win
138,75,0,1.0,-0.04,not_over
138,75,1,1.0,-0.04,not_over
138,75,2,1.0,1.0,win
138,76,0,1.0,-0.04,not_over
138,76,1,1.0,-0.04,not_over
138,76,2,1.0,-0.04,not_over
138,76,3,1.0,-0.04,not_over
138,76,4,1.0,1.0,win
138,77,0,1.0,-0.25,not_over
138,77,1,1.0,-0.25,not_over
138,77,2,1.0,-0.25,not_over
138,77,3,1.0,-0.25,not_over
138,77,4,1.0,-0.25,not_over
138,77,5,1.0,-0.25,not_over
138,77,6,1.0,-0.25,not_over
138,77,7,1.0,-0.25,not_over
138,77,8,1.0,-0.25,not_over
138,77,9,1.0,-0.25,not_over
138,77,10,1.0,-0.25,not_over
138,77,11,1.0,-0.25,not_over
138,77,12,1.0,-0.25,not_over
138,77,13,1.0,-0.25,not_over
138,77,14,0.9994985461235046,-0.25,not_over
138,77,15,0.9941841959953308,-0.25,not_over
138,77,16,0.9903367757797241,-0.25,not_over
138,77,17,0.9867806434631348,-0.25,not_over
138,77,18,0.9836594462394714,-0.25,not_over
138,77,19,0.9808920621871948,-0.25,not_over
138,77,20,0.9784432649612427,-0.25,not_over
138,77,21,0.9762755632400513,-0.25,not_over
138,77,22,0.9743567109107971,-0.25,not_over
138,77,23,0.9726582765579224,-0.25,not_over
138,77,24,0.9711546301841736,-0.25,not_over
138,77,25,0.9698237180709839,-0.25,not_over
138,77,26,0.9686455726623535,-0.25,not_over
138,77,27,0.9676027297973633,-0.25,not_over
138,77,28,0.9666794538497925,-0.25,not_over
138,77,29,0.9658622741699219,-0.25,not_over
138,77,30,0.9651387929916382,-0.25,not_over
138,77,31,0.9644984006881714,-0.25,not_over
138,77,32,0.9639315009117126,-0.25,not_over
138,77,33,0.9634296298027039,-0.25,not_over
138,77,34,0.9629853963851929,-0.25,not_over
138,77,35,0.9625921249389648,-0.25,not_over
138,77,36,0.9622439742088318,-0.25,not_over
138,77,37,0.961935818195343,-0.25,not_over
138,77,38,0.961663007736206,-0.25,not_over
138,77,39,0.9614214897155762,-0.25,not_over
138,77,40,0.9612076282501221,-0.25,not_over
138,77,41,0.961018443107605,-0.25,not_over
138,77,42,0.9608508348464966,-0.25,not_over
138,77,43,0.9607025384902954,-0.25,not_over
138,77,44,0.9605712294578552,-0.25,not_over
138,77,45,0.960455060005188,-0.25,not_over
138,77,46,0.9603520631790161,-0.25,not_over
138,77,47,0.9602610468864441,-0.25,not_over
138,77,48,0.960180401802063,-0.25,not_over
138,77,49,0.9601089954376221,-0.25,not_over
138,77,50,0.9600458145141602,-0.25,lose
138,78,0,1.0,-0.04,not_over
138,78,1,1.0,-0.04,not_over
138,78,2,1.0,-0.04,not_over
138,78,3,1.0,-0.04,not_over
138,78,4,1.0,-0.04,not_over
138,78,5,1.0,-0.04,not_over
138,78,6,1.0,-0.04,not_over
138,78,7,1.0,-0.04,not_over
138,78,8,1.0,1.0,win
138,79,0,1.0,-0.04,not_over
138,79,1,1.0,-0.04,not_over
138,79,2,1.0,-0.04,not_over
138,79,3,1.0,-0.04,not_over
138,79,4,1.0,-0.04,not_over
138,79,5,1.0,1.0,win
138,80,0,1.0,-0.04,not_over
138,80,1,1.0,-0.04,not_over
138,80,2,1.0,-0.04,not_over
138,80,3,1.0,-0.04,not_over
138,80,4,1.0,-0.04,not_over
138,80,5,1.0,-0.04,not_over
138,80,6,1.0,1.0,win
138,81,0,1.0,-0.04,not_over
138,81,1,1.0,-0.04,not_over
138,81,2,1.0,1.0,win
138,82,0,1.0,-0.04,not_over
138,82,1,1.0,-0.04,not_over
138,82,2,1.0,-0.04,not_over
138,82,3,1.0,1.0,win
138,83,0,1.0,-0.04,not_over
138,83,1,1.0,-0.04,not_over
138,83,2,1.0,-0.04,not_over
138,83,3,1.0,-0.04,not_over
138,83,4,1.0,-0.04,not_over
138,83,5,1.0,-0.04,not_over
138,83,6,1.0,1.0,win
138,84,0,1.0,-0.04,not_over
138,84,1,1.0,1.0,win
138,85,0,1.0,-0.04,not_over
138,85,1,1.0,-0.04,not_over
138,85,2,1.0,-0.04,not_over
138,85,3,1.0,1.0,win
138,86,0,1.0,1.0,win
138,87,0,1.0,-0.04,not_over
138,87,1,1.0,1.0,win
138,88,0,1.0,-0.04,not_over
138,88,1,1.0,-0.04,not_over
138,88,2,1.0,-0.04,not_over
138,88,3,1.0,-0.04,not_over
138,88,4,1.0,-0.04,not_over
138,88,5,1.0,1.0,win
138,89,0,1.0,-0.04,not_over
138,89,1,1.0,1.0,win
138,90,0,1.0,-0.25,not_over
138,90,1,1.0,-0.25,not_over
138,90,2,1.0,-0.25,not_over
138,90,3,1.0,-0.25,not_over
138,90,4,1.0,-0.25,not_over
138,90,5,1.0,-0.25,not_over
138,90,6,1.0,-0.25,not_over
138,90,7,1.0,-0.25,not_over
138,90,8,1.0,-0.25,not_over
138,90,9,1.0,-0.25,not_over
138,90,10,1.0,-0.25,not_over
138,90,11,1.0,-0.25,not_over
138,90,12,1.0,-0.25,not_over
138,90,13,1.0,-0.25,not_over
138,90,14,1.0,-0.25,not_over
138,90,15,0.9985065460205078,-0.25,not_over
138,90,16,0.9934804439544678,-0.25,not_over
138,90,17,0.9896833300590515,-0.25,not_over
138,90,18,0.9862074851989746,-0.25,not_over
138,90,19,0.9831512570381165,-0.25,not_over
138,90,20,0.9804423451423645,-0.25,not_over
138,90,21,0.9780451655387878,-0.25,not_over
138,90,22,0.9759231805801392,-0.25,not_over
138,90,23,0.9740447998046875,-0.25,not_over
138,90,24,0.972382128238678,-0.25,not_over
138,90,25,0.9709103107452393,-0.25,not_over
138,90,26,0.969607412815094,-0.25,not_over
138,90,27,0.968454122543335,-0.25,not_over
138,90,28,0.9674331545829773,-0.25,not_over
138,90,29,0.9665294289588928,-0.25,not_over
138,90,30,0.9657294154167175,-0.25,not_over
138,90,31,0.9650211334228516,-0.25,not_over
138,90,32,0.9643942713737488,-0.25,not_over
138,90,33,0.9638392925262451,-0.25,not_over
138,90,34,0.9633480310440063,-0.25,not_over
138,90,35,0.9629131555557251,-0.25,not_over
138,90,36,0.9625281095504761,-0.25,not_over
138,90,37,0.9621872901916504,-0.25,not_over
138,90,38,0.9618856310844421,-0.25,not_over
138,90,39,0.9616185426712036,-0.25,not_over
138,90,40,0.9613821506500244,-0.25,not_over
138,90,41,0.9611728191375732,-0.25,not_over
138,90,42,0.9609875679016113,-0.25,not_over
138,90,43,0.9608235359191895,-0.25,not_over
138,90,44,0.9606783986091614,-0.25,not_over
138,90,45,0.9605498313903809,-0.25,not_over
138,90,46,0.9604361057281494,-0.25,not_over
138,90,47,0.9603354334831238,-0.25,not_over
138,90,48,0.960246205329895,-0.25,not_over
138,90,49,0.9601672887802124,-0.25,not_over
138,90,50,0.9600974321365356,-0.25,lose
138,91,0,1.0,-0.04,not_over
138,91,1,1.0,-0.04,not_over
138,91,2,1.0,-0.04,not_over
138,91,3,1.0,1.0,win
138,92,0,1.0,-0.04,not_over
138,92,1,1.0,-0.04,not_over
138,92,2,1.0,-0.04,not_over
138,92,3,1.0,-0.04,not_over
138,92,4,1.0,1.0,win
138,93,0,1.0,-0.04,not_over
138,93,1,1.0,1.0,win
138,94,0,1.0,-0.04,not_over
138,94,1,1.0,-0.04,not_over
138,94,2,1.0,-0.04,not_over
138,94,3,1.0,-0.04,not_over
138,94,4,1.0,1.0,win
138,95,0,1.0,1.0,win
138,96,0,1.0,-0.04,not_over
138,96,1,1.0,-0.04,not_over
138,96,2,1.0,-0.04,not_over
138,96,3,1.0,-0.04,not_over
138,96,4,1.0,1.0,win
138,97,0,1.0,-0.04,not_over
138,97,1,1.0,1.0,win
138,98,0,1.0,-0.04,not_over
138,98,1,1.0,-0.04,not_over
138,98,2,1.0,-0.04,not_over
138,98,3,1.0,1.0,win
138,99,0,1.0,-0.04,not_over
138,99,1,1.0,-0.04,not_over
138,99,2,1.0,-0.04,not_over
138,99,3,1.0,-0.04,not_over
138,99,4,1.0,1.0,win
139,0,0,1.0,-0.04,not_over
139,0,1,1.0,-0.04,not_over
139,0,2,1.0,-0.04,not_over
139,0,3,1.0,-0.04,not_over
139,0,4,1.0,-0.04,not_over
139,0,5,1.0,-0.04,not_over
139,0,6,1.0,-0.04,not_over
139,0,7,1.0,-0.04,not_over
139,0,8,1.0,-0.04,not_over
139,0,9,1.0,1.0,win
139,1,0,1.0,-0.04,not_over
139,1,1,1.0,1.0,win
139,2,0,1.0,-0.04,not_over
139,2,1,1.0,-0.04,not_over
139,2,2,1.0,-0.04,not_over
139,2,3,1.0,1.0,win
139,3,0,1.0,1.0,win
139,4,0,1.0,-0.04,not_over
139,4,1,1.0,-0.04,not_over
139,4,2,1.0,-0.04,not_over
139,4,3,1.0,1.0,win
139,5,0,1.0,-0.04,not_over
139,5,1,1.0,-0.04,not_over
139,5,2,1.0,-0.04,not_over
139,5,3,1.0,-0.04,not_over
139,5,4,1.0,-0.04,not_over
139,5,5,1.0,1.0,win
139,6,0,1.0,-0.04,not_over
139,6,1,1.0,-0.04,not_over
139,6,2,1.0,1.0,win
139,7,0,1.0,-0.04,not_over
139,7,1,1.0,-0.04,not_over
139,7,2,1.0,-0.04,not_over
139,7,3,1.0,-0.04,not_over
139,7,4,1.0,-0.04,not_over
139,7,5,1.0,-0.04,not_over
139,7,6,1.0,-0.04,not_over
139,7,7,1.0,-0.04,not_over
139,7,8,1.0,1.0,win
139,8,0,1.0,-0.04,not_over
139,8,1,1.0,1.0,win
139,9,0,1.0,-0.25,not_over
139,9,1,1.0,-0.25,not_over
139,9,2,1.0,-0.25,not_over
139,9,3,1.0,-0.25,not_over
139,9,4,1.0,-0.25,not_over
139,9,5,1.0,-0.25,not_over
139,9,6,1.0,-0.25,not_over
139,9,7,1.0,-0.25,not_over
139,9,8,1.0,-0.25,not_over
139,9,9,1.0,-0.25,not_over
139,9,10,1.0,-0.25,not_over
139,9,11,1.0,-0.25,not_over
139,9,12,1.0,-0.25,not_over
139,9,13,1.0,-0.25,not_over
139,9,14,1.0,-0.25,not_over
139,9,15,0.9982719421386719,-0.25,not_over
139,9,16,0.9933139681816101,-0.25,not_over
139,9,17,0.9895287156105042,-0.25,not_over
139,9,18,0.9860719442367554,-0.25,not_over
139,9,19,0.9830310344696045,-0.25,not_over
139,9,20,0.9803360104560852,-0.25,not_over
139,9,21,0.9779510498046875,-0.25,not_over
139,9,22,0.9758398532867432,-0.25,not_over
139,9,23,0.9739710092544556,-0.25,not_over
139,9,24,0.9723168015480042,-0.25,not_over
139,9,25,0.9708524942398071,-0.25,not_over
139,9,26,0.9695562124252319,-0.25,not_over
139,9,27,0.9684088230133057,-0.25,not_over
139,9,28,0.9673931002616882,-0.25,not_over
139,9,29,0.9664939045906067,-0.25,not_over
139,9,30,0.9656980037689209,-0.25,not_over
139,9,31,0.9649933576583862,-0.25,not_over
139,9,32,0.9643695950508118,-0.25,not_over
139,9,33,0.9638174772262573,-0.25,not_over
139,9,34,0.9633287191390991,-0.25,not_over
139,9,35,0.9628960490226746,-0.25,not_over
139,9,36,0.9625129699707031,-0.25,not_over
139,9,37,0.9621739387512207,-0.25,not_over
139,9,38,0.9618737697601318,-0.25,not_over
139,9,39,0.9616080522537231,-0.25,not_over
139,9,40,0.9613728523254395,-0.25,not_over
139,9,41,0.9611645936965942,-0.25,not_over
139,9,42,0.9609802961349487,-0.25,not_over
139,9,43,0.9608170986175537,-0.25,not_over
139,9,44,0.9606726765632629,-0.25,not_over
139,9,45,0.9605448246002197,-0.25,not_over
139,9,46,0.9604316353797913,-0.25,not_over
139,9,47,0.9603314399719238,-0.25,not_over
139,9,48,0.960242748260498,-0.25,not_over
139,9,49,0.9601641893386841,-0.25,not_over
139,9,50,0.9600946307182312,-0.25,lose
139,10,0,1.0,-0.04,not_over
139,10,1,1.0,-0.04,not_over
139,10,2,1.0,-0.04,not_over
139,10,3,1.0,-0.04,not_over
139,10,4,1.0,-0.04,not_over
139,10,5,1.0,-0.04,not_over
139,10,6,1.0,-0.04,not_over
139,10,7,1.0,-0.04,not_over
139,10,8,1.0,-0.04,not_over
139,10,9,1.0,1.0,win
139,11,0,1.0,-0.04,not_over
139,11,1,1.0,-0.04,not_over
139,11,2,1.0,-0.04,not_over
139,11,3,1.0,-0.04,not_over
139,11,4,1.0,-0.04,not_over
139,11,5,1.0,-0.04,not_over
139,11,6,1.0,-0.04,not_over
139,11,7,1.0,-0.04,not_over
139,11,8,1.0,1.0,win
139,12,0,1.0,-0.04,not_over
139,12,1,1.0,-0.04,not_over
139,12,2,1.0,-0.04,not_over
139,12,3,1.0,-0.04,not_over
139,12,4,1.0,-0.04,not_over
139,12,5,1.0,1.0,win
139,13,0,1.0,-0.04,not_over
139,13,1,1.0,-0.04,not_over
139,13,2,1.0,-0.04,not_over
139,13,3,1.0,-0.04,not_over
139,13,4,1.0,-0.04,not_over
139,13,5,1.0,-0.04,not_over
139,13,6,1.0,-0.04,not_over
139,13,7,1.0,1.0,win
139,14,0,1.0,-0.04,not_over
139,14,1,1.0,1.0,win
139,15,0,1.0,-0.04,not_over
139,15,1,1.0,-0.04,not_over
139,15,2,1.0,-0.04,not_over
139,15,3,1.0,1.0,win
139,16,0,1.0,-0.04,not_over
139,16,1,1.0,-0.04,not_over
139,16,2,1.0,-0.04,not_over
139,16,3,1.0,-0.04,not_over
139,16,4,1.0,-0.04,not_over
139,16,5,1.0,-0.04,not_over
139,16,6,1.0,-0.04,not_over
139,16,7,1.0,-0.04,not_over
139,16,8,1.0,-0.04,not_over
139,16,9,1.0,1.0,win
139,17,0,1.0,-0.04,not_over
139,17,1,1.0,-0.04,not_over
139,17,2,1.0,-0.04,not_over
139,17,3,1.0,-0.04,not_over
139,17,4,1.0,-0.04,not_over
139,17,5,1.0,-0.04,not_over
139,17,6,1.0,-0.04,not_over
139,17,7,1.0,-0.04,not_over
139,17,8,1.0,1.0,win
139,18,0,1.0,-0.04,not_over
139,18,1,1.0,-0.04,not_over
139,18,2,1.0,-0.04,not_over
139,18,3,1.0,1.0,win
139,19,0,1.0,-0.04,not_over
139,19,1,1.0,-0.04,not_over
139,19,2,1.0,-0.04,not_over
139,19,3,1.0,-0.04,not_over
139,19,4,1.0,-0.04,not_over
139,19,5,1.0,1.0,win
139,20,0,1.0,-0.04,not_over
139,20,1,1.0,-0.04,not_over
139,20,2,1.0,1.0,win
139,21,0,1.0,-0.04,not_over
139,21,1,1.0,-0.04,not_over
139,21,2,1.0,-0.04,not_over
139,21,3,1.0,-0.04,not_over
139,21,4,1.0,-0.04,not_over
139,21,5,1.0,-0.04,not_over
139,21,6,1.0,-0.04,not_over
139,21,7,1.0,-0.04,not_over
139,21,8,1.0,1.0,win
139,22,0,1.0,-0.04,not_over
139,22,1,1.0,-0.04,not_over
139,22,2,1.0,-0.04,not_over
139,22,3,1.0,-0.04,not_over
139,22,4,1.0,-0.04,not_over
139,22,5,1.0,1.0,win
139,23,0,1.0,1.0,win
139,24,0,1.0,-0.04,not_over
139,24,1,1.0,-0.04,not_over
139,24,2,1.0,-0.04,not_over
139,24,3,1.0,-0.04,not_over
139,24,4,1.0,1.0,win
139,25,0,1.0,-0.04,not_over
139,25,1,1.0,-0.04,not_over
139,25,2,1.0,-0.04,not_over
139,25,3,1.0,1.0,win
139,26,0,1.0,-0.04,not_over
139,26,1,1.0,-0.04,not_over
139,26,2,1.0,1.0,win
139,27,0,1.0,-0.04,not_over
139,27,1,1.0,1.0,win
139,28,0,1.0,-0.25,not_over
139,28,1,1.0,-0.25,not_over
139,28,2,1.0,-0.25,not_over
139,28,3,1.0,-0.25,not_over
139,28,4,1.0,-0.25,not_over
139,28,5,1.0,-0.25,not_over
139,28,6,1.0,-0.25,not_over
139,28,7,1.0,-0.25,not_over
139,28,8,1.0,-0.25,not_over
139,28,9,1.0,-0.25,not_over
139,28,10,1.0,-0.25,not_over
139,28,11,1.0,-0.25,not_over
139,28,12,1.0,-0.25,not_over
139,28,13,1.0,-0.25,not_over
139,28,14,1.0,-0.25,not_over
139,28,15,1.0,-0.25,not_over
139,28,16,0.9948769807815552,-0.25,not_over
139,28,17,0.9909062385559082,-0.25,not_over
139,28,18,0.9872922897338867,-0.25,not_over
139,28,19,0.9841110706329346,-0.25,not_over
139,28,20,0.9812919497489929,-0.25,not_over
139,28,21,0.9787972569465637,-0.25,not_over
139,28,22,0.9765889644622803,-0.25,not_over
139,28,23,0.9746341109275818,-0.25,not_over
139,28,24,0.9729037284851074,-0.25,not_over
139,28,25,0.9713720679283142,-0.25,not_over
139,28,26,0.9700161218643188,-0.25,not_over
139,28,27,0.9688159227371216,-0.25,not_over
139,28,28,0.9677534103393555,-0.25,not_over
139,28,29,0.9668129086494446,-0.25,not_over
139,28,30,0.9659803509712219,-0.25,not_over
139,28,31,0.9652433395385742,-0.25,not_over
139,28,32,0.9645909070968628,-0.25,not_over
139,28,33,0.964013397693634,-0.25,not_over
139,28,34,0.9635021686553955,-0.25,not_over
139,28,35,0.963049590587616,-0.25,not_over
139,28,36,0.962648868560791,-0.25,not_over
139,28,37,0.9622942805290222,-0.25,not_over
139,28,38,0.9619803428649902,-0.25,not_over
139,28,39,0.9617024064064026,-0.25,not_over
139,28,40,0.9614563584327698,-0.25,not_over
139,28,41,0.9612385630607605,-0.25,not_over
139,28,42,0.9610456824302673,-0.25,not_over
139,28,43,0.9608750343322754,-0.25,not_over
139,28,44,0.9607239365577698,-0.25,not_over
139,28,45,0.960590124130249,-0.25,not_over
139,28,46,0.9604717493057251,-0.25,not_over
139,28,47,0.9603669047355652,-0.25,not_over
139,28,48,0.9602741003036499,-0.25,not_over
139,28,49,0.9601919651031494,-0.25,not_over
139,28,50,0.9601192474365234,-0.25,lose
139,29,0,1.0,-0.04,not_over
139,29,1,1.0,-0.04,not_over
139,29,2,1.0,1.0,win
139,30,0,1.0,-0.04,not_over
139,30,1,1.0,-0.04,not_over
139,30,2,1.0,1.0,win
139,31,0,1.0,-0.04,not_over
139,31,1,1.0,-0.04,not_over
139,31,2,1.0,-0.04,not_over
139,31,3,1.0,-0.04,not_over
139,31,4,1.0,-0.04,not_over
139,31,5,1.0,-0.04,not_over
139,31,6,1.0,1.0,win
139,32,0,1.0,-0.04,not_over
139,32,1,1.0,-0.04,not_over
139,32,2,1.0,-0.04,not_over
139,32,3,1.0,-0.04,not_over
139,32,4,1.0,-0.04,not_over
139,32,5,1.0,-0.04,not_over
139,32,6,1.0,-0.04,not_over
139,32,7,1.0,-0.04,not_over
139,32,8,1.0,-0.04,not_over
139,32,9,1.0,1.0,win
139,33,0,1.0,-0.04,not_over
139,33,1,1.0,1.0,win
139,34,0,1.0,-0.04,not_over
139,34,1,1.0,-0.04,not_over
139,34,2,1.0,-0.04,not_over
139,34,3,1.0,-0.04,not_over
139,34,4,1.0,-0.04,not_over
139,34,5,1.0,-0.04,not_over
139,34,6,1.0,1.0,win
139,35,0,1.0,-0.04,not_over
139,35,1,1.0,-0.04,not_over
139,35,2,1.0,-0.04,not_over
139,35,3,1.0,-0.04,not_over
139,35,4,1.0,-0.04,not_over
139,35,5,1.0,1.0,win
139,36,0,1.0,-0.04,not_over
139,36,1,1.0,-0.04,not_over
139,36,2,1.0,-0.04,not_over
139,36,3,1.0,1.0,win
139,37,0,1.0,-0.04,not_over
139,37,1,1.0,-0.04,not_over
139,37,2,1.0,-0.04,not_over
139,37,3,1.0,-0.04,not_over
139,37,4,1.0,-0.04,not_over
139,37,5,1.0,-0.04,not_over
139,37,6,1.0,-0.04,not_over
139,37,7,1.0,-0.04,not_over
139,37,8,1.0,1.0,win
139,38,0,1.0,-0.04,not_over
139,38,1,1.0,-0.04,not_over
139,38,2,1.0,1.0,win
139,39,0,1.0,-0.04,not_over
139,39,1,1.0,-0.04,not_over
139,39,2,1.0,1.0,win
139,40,0,1.0,-0.04,not_over
139,40,1,1.0,-0.04,not_over
139,40,2,1.0,1.0,win
139,41,0,1.0,-0.04,not_over
139,41,1,1.0,-0.04,not_over
139,41,2,1.0,-0.04,not_over
139,41,3,1.0,-0.04,not_over
139,41,4,1.0,-0.04,not_over
139,41,5,1.0,1.0,win
139,42,0,1.0,-0.04,not_over
139,42,1,1.0,-0.04,not_over
139,42,2,1.0,-0.04,not_over
139,42,3,1.0,1.0,win
139,43,0,1.0,-0.04,not_over
139,43,1,1.0,-0.04,not_over
139,43,2,1.0,-0.04,not_over
139,43,3,1.0,-0.04,not_over
139,43,4,1.0,-0.04,not_over
139,43,5,1.0,1.0,win
139,44,0,1.0,-0.04,not_over
139,44,1,1.0,-0.04,not_over
139,44,2,1.0,1.0,win
139,45,0,1.0,-0.04,not_over
139,45,1,1.0,-0.04,not_over
139,45,2,1.0,-0.04,not_over
139,45,3,1.0,1.0,win
139,46,0,1.0,-0.04,not_over
139,46,1,1.0,-0.04,not_over
139,46,2,1.0,-0.04,not_over
139,46,3,1.0,-0.04,not_over
139,46,4,1.0,-0.04,not_over
139,46,5,1.0,1.0,win
139,47,0,1.0,-0.04,not_over
139,47,1,1.0,-0.04,not_over
139,47,2,1.0,-0.04,not_over
139,47,3,1.0,-0.04,not_over
139,47,4,1.0,-0.04,not_over
139,47,5,1.0,1.0,win
139,48,0,1.0,-0.04,not_over
139,48,1,1.0,-0.04,not_over
139,48,2,1.0,1.0,win
139,49,0,1.0,-0.04,not_over
139,49,1,1.0,-0.04,not_over
139,49,2,1.0,-0.04,not_over
139,49,3,1.0,-0.04,not_over
139,49,4,1.0,-0.04,not_over
139,49,5,1.0,1.0,win
139,50,0,1.0,-0.04,not_over
139,50,1,1.0,-0.04,not_over
139,50,2,1.0,-0.04,not_over
139,50,3,1.0,1.0,win
139,51,0,1.0,-0.04,not_over
139,51,1,1.0,-0.04,not_over
139,51,2,1.0,-0.04,not_over
139,51,3,1.0,-0.04,not_over
139,51,4,1.0,-0.04,not_over
139,51,5,1.0,1.0,win
139,52,0,1.0,-0.04,not_over
139,52,1,1.0,-0.04,not_over
139,52,2,1.0,-0.04,not_over
139,52,3,1.0,-0.04,not_over
139,52,4,1.0,-0.04,not_over
139,52,5,1.0,1.0,win
139,53,0,1.0,-0.04,not_over
139,53,1,1.0,-0.04,not_over
139,53,2,1.0,-0.04,not_over
139,53,3,1.0,-0.04,not_over
139,53,4,1.0,-0.04,not_over
139,53,5,1.0,-0.04,not_over
139,53,6,1.0,-0.04,not_over
139,53,7,1.0,-0.04,not_over
139,53,8,1.0,1.0,win
139,54,0,1.0,-0.04,not_over
139,54,1,1.0,-0.04,not_over
139,54,2,1.0,-0.04,not_over
139,54,3,1.0,-0.04,not_over
139,54,4,1.0,-0.04,not_over
139,54,5,1.0,-0.04,not_over
139,54,6,1.0,-0.04,not_over
139,54,7,1.0,-0.04,not_over
139,54,8,1.0,1.0,win
139,55,0,1.0,-0.04,not_over
139,55,1,1.0,-0.04,not_over
139,55,2,1.0,-0.04,not_over
139,55,3,1.0,-0.04,not_over
139,55,4,1.0,-0.04,not_over
139,55,5,1.0,-0.04,not_over
139,55,6,1.0,-0.04,not_over
139,55,7,1.0,-0.04,not_over
139,55,8,1.0,1.0,win
139,56,0,1.0,-0.04,not_over
139,56,1,1.0,-0.04,not_over
139,56,2,1.0,-0.04,not_over
139,56,3,1.0,-0.04,not_over
139,56,4,1.0,-0.04,not_over
139,56,5,1.0,-0.04,not_over
139,56,6,1.0,-0.04,not_over
139,56,7,1.0,-0.04,not_over
139,56,8,1.0,1.0,win
139,57,0,1.0,-0.04,not_over
139,57,1,1.0,-0.04,not_over
139,57,2,1.0,1.0,win
139,58,0,1.0,-0.04,not_over
139,58,1,1.0,-0.04,not_over
139,58,2,1.0,-0.04,not_over
139,58,3,1.0,-0.04,not_over
139,58,4,1.0,-0.04,not_over
139,58,5,1.0,-0.04,not_over
139,58,6,1.0,-0.04,not_over
139,58,7,1.0,-0.04,not_over
139,58,8,1.0,-0.04,not_over
139,58,9,1.0,1.0,win
139,59,0,1.0,-0.04,not_over
139,59,1,1.0,-0.04,not_over
139,59,2,1.0,-0.04,not_over
139,59,3,1.0,-0.04,not_over
139,59,4,1.0,-0.04,not_over
139,59,5,1.0,-0.04,not_over
139,59,6,1.0,-0.04,not_over
139,59,7,1.0,-0.04,not_over
139,59,8,1.0,1.0,win
139,60,0,1.0,-0.04,not_over
139,60,1,1.0,-0.04,not_over
139,60,2,1.0,1.0,win
139,61,0,1.0,-0.04,not_over
139,61,1,1.0,1.0,win
139,62,0,1.0,1.0,win
139,63,0,1.0,-0.04,not_over
139,63,1,1.0,-0.04,not_over
139,63,2,1.0,-0.04,not_over
139,63,3,1.0,-0.04,not_over
139,63,4,1.0,1.0,win
139,64,0,1.0,-0.04,not_over
139,64,1,1.0,-0.04,not_over
139,64,2,1.0,-0.04,not_over
139,64,3,1.0,-0.04,not_over
139,64,4,1.0,-0.04,not_over
139,64,5,1.0,-0.04,not_over
139,64,6,1.0,-0.04,not_over
139,64,7,1.0,-0.04,not_over
139,64,8,1.0,-0.04,not_over
139,64,9,1.0,1.0,win
139,65,0,1.0,-0.04,not_over
139,65,1,1.0,-0.04,not_over
139,65,2,1.0,-0.04,not_over
139,65,3,1.0,1.0,win
139,66,0,1.0,-0.04,not_over
139,66,1,1.0,-0.04,not_over
139,66,2,1.0,-0.04,not_over
139,66,3,1.0,-0.04,not_over
139,66,4,1.0,-0.04,not_over
139,66,5,1.0,-0.04,not_over
139,66,6,1.0,1.0,win
139,67,0,1.0,-0.04,not_over
139,67,1,1.0,-0.04,not_over
139,67,2,1.0,-0.04,not_over
139,67,3,1.0,-0.04,not_over
139,67,4,1.0,-0.04,not_over
139,67,5,1.0,-0.04,not_over
139,67,6,1.0,-0.04,not_over
139,67,7,1.0,-0.04,not_over
139,67,8,1.0,1.0,win
139,68,0,1.0,-0.04,not_over
139,68,1,1.0,-0.04,not_over
139,68,2,1.0,-0.04,not_over
139,68,3,1.0,-0.04,not_over
139,68,4,1.0,-0.04,not_over
139,68,5,1.0,-0.04,not_over
139,68,6,1.0,-0.04,not_over
139,68,7,1.0,-0.04,not_over
139,68,8,1.0,1.0,win
139,69,0,1.0,-0.04,not_over
139,69,1,1.0,-0.04,not_over
139,69,2,1.0,-0.04,not_over
139,69,3,1.0,-0.04,not_over
139,69,4,1.0,-0.04,not_over
139,69,5,1.0,-0.04,not_over
139,69,6,1.0,-0.04,not_over
139,69,7,1.0,-0.04,not_over
139,69,8,1.0,1.0,win
139,70,0,1.0,-0.04,not_over
139,70,1,1.0,-0.04,not_over
139,70,2,1.0,-0.04,not_over
139,70,3,1.0,-0.04,not_over
139,70,4,1.0,1.0,win
139,71,0,1.0,-0.04,not_over
139,71,1,1.0,-0.04,not_over
139,71,2,1.0,-0.04,not_over
139,71,3,1.0,-0.04,not_over
139,71,4,1.0,1.0,win
139,72,0,1.0,-0.04,not_over
139,72,1,1.0,-0.04,not_over
139,72,2,1.0,-0.04,not_over
139,72,3,1.0,1.0,win
139,73,0,1.0,-0.04,not_over
139,73,1,1.0,-0.04,not_over
139,73,2,1.0,1.0,win
139,74,0,1.0,-0.04,not_over
139,74,1,1.0,-0.04,not_over
139,74,2,1.0,1.0,win
139,75,0,1.0,-0.04,not_over
139,75,1,1.0,-0.04,not_over
139,75,2,1.0,-0.04,not_over
139,75,3,1.0,-0.04,not_over
139,75,4,1.0,-0.04,not_over
139,75,5,1.0,-0.04,not_over
139,75,6,1.0,-0.04,not_over
139,75,7,1.0,-0.04,not_over
139,75,8,1.0,1.0,win
139,76,0,1.0,-0.04,not_over
139,76,1,1.0,-0.04,not_over
139,76,2,1.0,1.0,win
139,77,0,1.0,1.0,win
139,78,0,1.0,1.0,win
139,79,0,1.0,-0.04,not_over
139,79,1,1.0,-0.04,not_over
139,79,2,1.0,-0.04,not_over
139,79,3,1.0,-0.04,not_over
139,79,4,1.0,-0.04,not_over
139,79,5,1.0,-0.04,not_over
139,79,6,1.0,-0.04,not_over
139,79,7,1.0,-0.04,not_over
139,79,8,1.0,1.0,win
139,80,0,1.0,-0.04,not_over
139,80,1,1.0,-0.04,not_over
139,80,2,1.0,-0.04,not_over
139,80,3,1.0,-0.04,not_over
139,80,4,1.0,-0.04,not_over
139,80,5,1.0,-0.04,not_over
139,80,6,1.0,-0.04,not_over
139,80,7,1.0,1.0,win
139,81,0,1.0,1.0,win
139,82,0,1.0,-0.04,not_over
139,82,1,1.0,-0.04,not_over
139,82,2,1.0,-0.04,not_over
139,82,3,1.0,1.0,win
139,83,0,1.0,-0.04,not_over
139,83,1,1.0,-0.04,not_over
139,83,2,1.0,-0.04,not_over
139,83,3,1.0,1.0,win
139,84,0,1.0,-0.04,not_over
139,84,1,1.0,-0.04,not_over
139,84,2,1.0,-0.04,not_over
139,84,3,1.0,-0.04,not_over
139,84,4,1.0,1.0,win
139,85,0,1.0,-0.04,not_over
139,85,1,1.0,-0.04,not_over
139,85,2,1.0,-0.04,not_over
139,85,3,1.0,-0.04,not_over
139,85,4,1.0,-0.04,not_over
139,85,5,1.0,-0.04,not_over
139,85,6,1.0,-0.04,not_over
139,85,7,1.0,-0.04,not_over
139,85,8,1.0,1.0,win
139,86,0,1.0,-0.04,not_over
139,86,1,1.0,-0.04,not_over
139,86,2,1.0,-0.04,not_over
139,86,3,1.0,-0.04,not_over
139,86,4,1.0,-0.04,not_over
139,86,5,1.0,-0.04,not_over
139,86,6,1.0,-0.04,not_over
139,86,7,1.0,1.0,win
139,87,0,1.0,-0.04,not_over
139,87,1,1.0,1.0,win
139,88,0,1.0,-0.04,not_over
139,88,1,1.0,1.0,win
139,89,0,1.0,-0.04,not_over
139,89,1,1.0,-0.04,not_over
139,89,2,1.0,-0.04,not_over
139,89,3,1.0,-0.04,not_over
139,89,4,1.0,-0.04,not_over
139,89,5,1.0,-0.04,not_over
139,89,6,1.0,-0.04,not_over
139,89,7,1.0,-0.04,not_over
139,89,8,1.0,-0.04,not_over
139,89,9,1.0,1.0,win
139,90,0,1.0,-0.04,not_over
139,90,1,1.0,-0.04,not_over
139,90,2,1.0,1.0,win
139,91,0,1.0,-0.04,not_over
139,91,1,1.0,-0.04,not_over
139,91,2,1.0,-0.04,not_over
139,91,3,1.0,-0.04,not_over
139,91,4,1.0,1.0,win
139,92,0,1.0,-0.04,not_over
139,92,1,1.0,-0.04,not_over
139,92,2,1.0,-0.04,not_over
139,92,3,1.0,-0.04,not_over
139,92,4,1.0,1.0,win
139,93,0,1.0,-0.04,not_over
139,93,1,1.0,-0.04,not_over
139,93,2,1.0,1.0,win
139,94,0,1.0,-0.04,not_over
139,94,1,1.0,-0.04,not_over
139,94,2,1.0,-0.04,not_over
139,94,3,1.0,1.0,win
139,95,0,1.0,1.0,win
139,96,0,1.0,-0.04,not_over
139,96,1,1.0,1.0,win
139,97,0,1.0,-0.04,not_over
139,97,1,1.0,-0.04,not_over
139,97,2,1.0,-0.04,not_over
139,97,3,1.0,-0.04,not_over
139,97,4,1.0,1.0,win
139,98,0,1.0,-0.04,not_over
139,98,1,1.0,-0.04,not_over
139,98,2,1.0,-0.04,not_over
139,98,3,1.0,-0.04,not_over
139,98,4,1.0,1.0,win
139,99,0,1.0,-0.04,not_over
139,99,1,1.0,1.0,win
140,0,0,1.0,-0.04,not_over
140,0,1,1.0,-0.04,not_over
140,0,2,1.0,-0.04,not_over
140,0,3,1.0,1.0,win
140,1,0,1.0,-0.04,not_over
140,1,1,1.0,-0.04,not_over
140,1,2,1.0,-0.04,not_over
140,1,3,1.0,-0.04,not_over
140,1,4,1.0,-0.04,not_over
140,1,5,1.0,-0.04,not_over
140,1,6,1.0,-0.04,not_over
140,1,7,1.0,-0.04,not_over
140,1,8,1.0,1.0,win
140,2,0,1.0,-0.04,not_over
140,2,1,1.0,-0.04,not_over
140,2,2,1.0,-0.04,not_over
140,2,3,1.0,-0.04,not_over
140,2,4,1.0,1.0,win
140,3,0,1.0,-0.04,not_over
140,3,1,1.0,-0.04,not_over
140,3,2,1.0,-0.04,not_over
140,3,3,1.0,-0.04,not_over
140,3,4,1.0,-0.04,not_over
140,3,5,1.0,-0.04,not_over
140,3,6,1.0,-0.04,not_over
140,3,7,1.0,-0.04,not_over
140,3,8,1.0,1.0,win
140,4,0,1.0,-0.04,not_over
140,4,1,1.0,-0.04,not_over
140,4,2,1.0,-0.04,not_over
140,4,3,1.0,-0.04,not_over
140,4,4,1.0,-0.04,not_over
140,4,5,1.0,-0.04,not_over
140,4,6,1.0,-0.04,not_over
140,4,7,1.0,-0.04,not_over
140,4,8,1.0,-0.04,not_over
140,4,9,1.0,1.0,win
140,5,0,1.0,-0.04,not_over
140,5,1,1.0,-0.04,not_over
140,5,2,1.0,1.0,win
140,6,0,1.0,-0.04,not_over
140,6,1,1.0,1.0,win
140,7,0,1.0,-0.04,not_over
140,7,1,1.0,-0.04,not_over
140,7,2,1.0,-0.04,not_over
140,7,3,1.0,-0.04,not_over
140,7,4,1.0,-0.04,not_over
140,7,5,1.0,-0.04,not_over
140,7,6,1.0,-0.04,not_over
140,7,7,1.0,-0.04,not_over
140,7,8,1.0,1.0,win
140,8,0,1.0,-0.04,not_over
140,8,1,1.0,1.0,win
140,9,0,1.0,-0.04,not_over
140,9,1,1.0,-0.04,not_over
140,9,2,1.0,1.0,win
140,10,0,1.0,-0.04,not_over
140,10,1,1.0,-0.04,not_over
140,10,2,1.0,-0.04,not_over
140,10,3,1.0,-0.04,not_over
140,10,4,1.0,-0.04,not_over
140,10,5,1.0,-0.04,not_over
140,10,6,1.0,-0.04,not_over
140,10,7,1.0,-0.04,not_over
140,10,8,1.0,1.0,win
140,11,0,1.0,-0.04,not_over
140,11,1,1.0,-0.04,not_over
140,11,2,1.0,-0.04,not_over
140,11,3,1.0,-0.04,not_over
140,11,4,1.0,-0.04,not_over
140,11,5,1.0,-0.04,not_over
140,11,6,1.0,1.0,win
140,12,0,1.0,-0.04,not_over
140,12,1,1.0,-0.04,not_over
140,12,2,1.0,-0.04,not_over
140,12,3,1.0,-0.04,not_over
140,12,4,1.0,1.0,win
140,13,0,1.0,-0.04,not_over
140,13,1,1.0,1.0,win
140,14,0,1.0,-0.04,not_over
140,14,1,1.0,1.0,win
140,15,0,1.0,-0.04,not_over
140,15,1,1.0,-0.04,not_over
140,15,2,1.0,-0.04,not_over
140,15,3,1.0,-0.04,not_over
140,15,4,1.0,-0.04,not_over
140,15,5,1.0,-0.04,not_over
140,15,6,1.0,-0.04,not_over
140,15,7,1.0,1.0,win
140,16,0,1.0,-0.04,not_over
140,16,1,1.0,-0.04,not_over
140,16,2,1.0,-0.04,not_over
140,16,3,1.0,1.0,win
140,17,0,1.0,1.0,win
140,18,0,1.0,-0.04,not_over
140,18,1,1.0,-0.04,not_over
140,18,2,1.0,-0.04,not_over
140,18,3,1.0,-0.04,not_over
140,18,4,1.0,1.0,win
140,19,0,1.0,-0.04,not_over
140,19,1,1.0,-0.04,not_over
140,19,2,1.0,-0.04,not_over
140,19,3,1.0,1.0,win
140,20,0,1.0,-0.04,not_over
140,20,1,1.0,-0.04,not_over
140,20,2,1.0,-0.04,not_over
140,20,3,1.0,1.0,win
140,21,0,1.0,-0.04,not_over
140,21,1,1.0,-0.04,not_over
140,21,2,1.0,-0.04,not_over
140,21,3,1.0,1.0,win
140,22,0,1.0,-0.04,not_over
140,22,1,1.0,1.0,win
140,23,0,1.0,-0.04,not_over
140,23,1,1.0,-0.04,not_over
140,23,2,1.0,-0.04,not_over
140,23,3,1.0,-0.04,not_over
140,23,4,1.0,-0.04,not_over
140,23,5,1.0,1.0,win
140,24,0,1.0,-0.04,not_over
140,24,1,1.0,-0.04,not_over
140,24,2,1.0,-0.04,not_over
140,24,3,1.0,-0.04,not_over
140,24,4,1.0,-0.04,not_over
140,24,5,1.0,-0.04,not_over
140,24,6,1.0,1.0,win
140,25,0,1.0,-0.04,not_over
140,25,1,1.0,-0.04,not_over
140,25,2,1.0,1.0,win
140,26,0,1.0,-0.04,not_over
140,26,1,1.0,-0.04,not_over
140,26,2,1.0,-0.04,not_over
140,26,3,1.0,-0.04,not_over
140,26,4,1.0,-0.04,not_over
140,26,5,1.0,-0.04,not_over
140,26,6,1.0,-0.04,not_over
140,26,7,1.0,-0.04,not_over
140,26,8,1.0,1.0,win
140,27,0,1.0,-0.04,not_over
140,27,1,1.0,-0.04,not_over
140,27,2,1.0,-0.04,not_over
140,27,3,1.0,1.0,win
140,28,0,1.0,-0.04,not_over
140,28,1,1.0,-0.04,not_over
140,28,2,1.0,-0.04,not_over
140,28,3,1.0,-0.04,not_over
140,28,4,1.0,1.0,win
140,29,0,1.0,-0.04,not_over
140,29,1,1.0,-0.04,not_over
140,29,2,1.0,-0.04,not_over
140,29,3,1.0,1.0,win
140,30,0,1.0,-0.04,not_over
140,30,1,1.0,-0.04,not_over
140,30,2,1.0,-0.04,not_over
140,30,3,1.0,-0.04,not_over
140,30,4,1.0,-0.04,not_over
140,30,5,1.0,-0.04,not_over
140,30,6,1.0,-0.04,not_over
140,30,7,1.0,-0.04,not_over
140,30,8,1.0,-0.04,not_over
140,30,9,1.0,1.0,win
140,31,0,1.0,-0.04,not_over
140,31,1,1.0,-0.04,not_over
140,31,2,1.0,-0.04,not_over
140,31,3,1.0,-0.04,not_over
140,31,4,1.0,-0.04,not_over
140,31,5,1.0,-0.04,not_over
140,31,6,1.0,1.0,win
140,32,0,1.0,-0.04,not_over
140,32,1,1.0,-0.04,not_over
140,32,2,1.0,-0.04,not_over
140,32,3,1.0,1.0,win
140,33,0,1.0,-0.04,not_over
140,33,1,1.0,-0.04,not_over
140,33,2,1.0,1.0,win
140,34,0,1.0,-0.04,not_over
140,34,1,1.0,1.0,win
140,35,0,1.0,-0.04,not_over
140,35,1,1.0,-0.04,not_over
140,35,2,1.0,-0.04,not_over
140,35,3,1.0,-0.04,not_over
140,35,4,1.0,-0.04,not_over
140,35,5,1.0,1.0,win
140,36,0,1.0,-0.04,not_over
140,36,1,1.0,-0.04,not_over
140,36,2,1.0,-0.04,not_over
140,36,3,1.0,-0.04,not_over
140,36,4,1.0,-0.04,not_over
140,36,5,1.0,-0.04,not_over
140,36,6,1.0,-0.04,not_over
140,36,7,1.0,1.0,win
140,37,0,1.0,-0.04,not_over
140,37,1,1.0,-0.04,not_over
140,37,2,1.0,-0.04,not_over
140,37,3,1.0,-0.04,not_over
140,37,4,1.0,1.0,win
140,38,0,1.0,-0.04,not_over
140,38,1,1.0,-0.04,not_over
140,38,2,1.0,-0.04,not_over
140,38,3,1.0,-0.04,not_over
140,38,4,1.0,-0.04,not_over
140,38,5,1.0,-0.04,not_over
140,38,6,1.0,-0.04,not_over
140,38,7,1.0,-0.04,not_over
140,38,8,1.0,-0.04,not_over
140,38,9,1.0,1.0,win
140,39,0,1.0,-0.04,not_over
140,39,1,1.0,-0.04,not_over
140,39,2,1.0,1.0,win
140,40,0,1.0,-0.04,not_over
140,40,1,1.0,-0.04,not_over
140,40,2,1.0,-0.04,not_over
140,40,3,1.0,1.0,win
140,41,0,1.0,-0.04,not_over
140,41,1,1.0,-0.04,not_over
140,41,2,1.0,-0.04,not_over
140,41,3,1.0,1.0,win
140,42,0,1.0,-0.04,not_over
140,42,1,1.0,-0.04,not_over
140,42,2,1.0,-0.04,not_over
140,42,3,1.0,-0.04,not_over
140,42,4,1.0,-0.04,not_over
140,42,5,1.0,-0.04,not_over
140,42,6,1.0,-0.04,not_over
140,42,7,1.0,-0.04,not_over
140,42,8,1.0,1.0,win
140,43,0,1.0,-0.04,not_over
140,43,1,1.0,-0.04,not_over
140,43,2,1.0,-0.04,not_over
140,43,3,1.0,1.0,win
140,44,0,1.0,-0.04,not_over
140,44,1,1.0,-0.04,not_over
140,44,2,1.0,-0.04,not_over
140,44,3,1.0,1.0,win
140,45,0,1.0,-0.04,not_over
140,45,1,1.0,-0.04,not_over
140,45,2,1.0,-0.04,not_over
140,45,3,1.0,-0.04,not_over
140,45,4,1.0,-0.04,not_over
140,45,5,1.0,1.0,win
140,46,0,1.0,-0.04,not_over
140,46,1,1.0,-0.04,not_over
140,46,2,1.0,-0.04,not_over
140,46,3,1.0,-0.04,not_over
140,46,4,1.0,1.0,win
140,47,0,1.0,-0.04,not_over
140,47,1,1.0,1.0,win
140,48,0,1.0,-0.04,not_over
140,48,1,1.0,-0.04,not_over
140,48,2,1.0,-0.04,not_over
140,48,3,1.0,-0.04,not_over
140,48,4,1.0,-0.04,not_over
140,48,5,1.0,-0.04,not_over
140,48,6,1.0,-0.04,not_over
140,48,7,1.0,-0.04,not_over
140,48,8,1.0,-0.04,not_over
140,48,9,1.0,1.0,win
140,49,0,1.0,-0.04,not_over
140,49,1,1.0,-0.04,not_over
140,49,2,1.0,-0.04,not_over
140,49,3,1.0,-0.04,not_over
140,49,4,1.0,1.0,win
140,50,0,1.0,-0.04,not_over
140,50,1,1.0,-0.04,not_over
140,50,2,1.0,-0.04,not_over
140,50,3,1.0,-0.04,not_over
140,50,4,1.0,-0.04,not_over
140,50,5,1.0,-0.04,not_over
140,50,6,1.0,-0.04,not_over
140,50,7,1.0,1.0,win
140,51,0,1.0,1.0,win
140,52,0,1.0,-0.04,not_over
140,52,1,1.0,-0.04,not_over
140,52,2,1.0,-0.04,not_over
140,52,3,1.0,-0.04,not_over
140,52,4,1.0,1.0,win
140,53,0,1.0,-0.04,not_over
140,53,1,1.0,-0.04,not_over
140,53,2,1.0,-0.04,not_over
140,53,3,1.0,-0.04,not_over
140,53,4,1.0,1.0,win
140,54,0,1.0,-0.04,not_over
140,54,1,1.0,-0.04,not_over
140,54,2,1.0,-0.04,not_over
140,54,3,1.0,1.0,win
140,55,0,1.0,-0.04,not_over
140,55,1,1.0,-0.04,not_over
140,55,2,1.0,-0.04,not_over
140,55,3,1.0,-0.04,not_over
140,55,4,1.0,-0.04,not_over
140,55,5,1.0,-0.04,not_over
140,55,6,1.0,-0.04,not_over
140,55,7,1.0,-0.04,not_over
140,55,8,1.0,1.0,win
140,56,0,1.0,-0.04,not_over
140,56,1,1.0,-0.04,not_over
140,56,2,1.0,-0.04,not_over
140,56,3,1.0,-0.04,not_over
140,56,4,1.0,-0.04,not_over
140,56,5,1.0,-0.04,not_over
140,56,6,1.0,-0.04,not_over
140,56,7,1.0,-0.04,not_over
140,56,8,1.0,-0.04,not_over
140,56,9,1.0,1.0,win
140,57,0,1.0,-0.04,not_over
140,57,1,1.0,-0.04,not_over
140,57,2,1.0,1.0,win
140,58,0,1.0,-0.04,not_over
140,58,1,1.0,-0.04,not_over
140,58,2,1.0,-0.04,not_over
140,58,3,1.0,-0.04,not_over
140,58,4,1.0,1.0,win
140,59,0,1.0,-0.04,not_over
140,59,1,1.0,-0.04,not_over
140,59,2,1.0,-0.04,not_over
140,59,3,1.0,1.0,win
140,60,0,1.0,-0.04,not_over
140,60,1,1.0,-0.04,not_over
140,60,2,1.0,-0.04,not_over
140,60,3,1.0,-0.04,not_over
140,60,4,1.0,-0.04,not_over
140,60,5,1.0,1.0,win
140,61,0,1.0,-0.04,not_over
140,61,1,1.0,-0.04,not_over
140,61,2,1.0,-0.04,not_over
140,61,3,1.0,-0.04,not_over
140,61,4,1.0,-0.04,not_over
140,61,5,1.0,-0.04,not_over
140,61,6,1.0,-0.04,not_over
140,61,7,1.0,-0.04,not_over
140,61,8,1.0,1.0,win
140,62,0,1.0,-0.04,not_over
140,62,1,1.0,-0.04,not_over
140,62,2,1.0,-0.04,not_over
140,62,3,1.0,-0.04,not_over
140,62,4,1.0,-0.04,not_over
140,62,5,1.0,-0.04,not_over
140,62,6,1.0,-0.04,not_over
140,62,7,1.0,-0.04,not_over
140,62,8,1.0,1.0,win
140,63,0,1.0,-0.04,not_over
140,63,1,1.0,-0.04,not_over
140,63,2,1.0,-0.04,not_over
140,63,3,1.0,-0.04,not_over
140,63,4,1.0,1.0,win
140,64,0,1.0,-0.04,not_over
140,64,1,1.0,-0.04,not_over
140,64,2,1.0,-0.04,not_over
140,64,3,1.0,-0.04,not_over
140,64,4,1.0,-0.04,not_over
140,64,5,1.0,1.0,win
140,65,0,1.0,-0.04,not_over
140,65,1,1.0,-0.04,not_over
140,65,2,1.0,-0.04,not_over
140,65,3,1.0,-0.04,not_over
140,65,4,1.0,-0.04,not_over
140,65,5,1.0,-0.04,not_over
140,65,6,1.0,-0.04,not_over
140,65,7,1.0,-0.04,not_over
140,65,8,1.0,1.0,win
140,66,0,1.0,-0.04,not_over
140,66,1,1.0,-0.04,not_over
140,66,2,1.0,-0.04,not_over
140,66,3,1.0,-0.04,not_over
140,66,4,1.0,-0.04,not_over
140,66,5,1.0,1.0,win
140,67,0,1.0,-0.04,not_over
140,67,1,1.0,-0.04,not_over
140,67,2,1.0,-0.04,not_over
140,67,3,1.0,1.0,win
140,68,0,1.0,-0.04,not_over
140,68,1,1.0,-0.04,not_over
140,68,2,1.0,-0.04,not_over
140,68,3,1.0,-0.04,not_over
140,68,4,1.0,-0.04,not_over
140,68,5,1.0,-0.04,not_over
140,68,6,1.0,-0.04,not_over
140,68,7,1.0,1.0,win
140,69,0,1.0,-0.04,not_over
140,69,1,1.0,-0.04,not_over
140,69,2,1.0,-0.04,not_over
140,69,3,1.0,-0.04,not_over
140,69,4,1.0,1.0,win
140,70,0,1.0,-0.04,not_over
140,70,1,1.0,-0.04,not_over
140,70,2,1.0,-0.04,not_over
140,70,3,1.0,-0.04,not_over
140,70,4,1.0,-0.04,not_over
140,70,5,1.0,1.0,win
140,71,0,1.0,-0.04,not_over
140,71,1,1.0,-0.04,not_over
140,71,2,1.0,-0.04,not_over
140,71,3,1.0,-0.04,not_over
140,71,4,1.0,1.0,win
140,72,0,1.0,-0.04,not_over
140,72,1,1.0,-0.04,not_over
140,72,2,1.0,-0.04,not_over
140,72,3,1.0,-0.04,not_over
140,72,4,1.0,-0.04,not_over
140,72,5,1.0,-0.04,not_over
140,72,6,1.0,-0.04,not_over
140,72,7,1.0,-0.04,not_over
140,72,8,1.0,1.0,win
140,73,0,1.0,-0.04,not_over
140,73,1,1.0,1.0,win
140,74,0,1.0,-0.04,not_over
140,74,1,1.0,-0.04,not_over
140,74,2,1.0,-0.04,not_over
140,74,3,1.0,-0.04,not_over
140,74,4,1.0,-0.04,not_over
140,74,5,1.0,-0.04,not_over
140,74,6,1.0,-0.04,not_over
140,74,7,1.0,-0.04,not_over
140,74,8,1.0,-0.04,not_over
140,74,9,1.0,1.0,win
140,75,0,1.0,-0.04,not_over
140,75,1,1.0,-0.04,not_over
140,75,2,1.0,-0.04,not_over
140,75,3,1.0,-0.04,not_over
140,75,4,1.0,-0.04,not_over
140,75,5,1.0,-0.04,not_over
140,75,6,1.0,-0.04,not_over
140,75,7,1.0,-0.04,not_over
140,75,8,1.0,1.0,win
140,76,0,1.0,-0.04,not_over
140,76,1,1.0,-0.04,not_over
140,76,2,1.0,-0.04,not_over
140,76,3,1.0,-0.04,not_over
140,76,4,1.0,-0.04,not_over
140,76,5,1.0,1.0,win
140,77,0,1.0,-0.04,not_over
140,77,1,1.0,-0.04,not_over
140,77,2,1.0,-0.04,not_over
140,77,3,1.0,-0.04,not_over
140,77,4,1.0,-0.04,not_over
140,77,5,1.0,1.0,win
140,78,0,1.0,-0.04,not_over
140,78,1,1.0,-0.04,not_over
140,78,2,1.0,-0.04,not_over
140,78,3,1.0,-0.04,not_over
140,78,4,1.0,-0.04,not_over
140,78,5,1.0,-0.04,not_over
140,78,6,1.0,-0.04,not_over
140,78,7,1.0,-0.04,not_over
140,78,8,1.0,1.0,win
140,79,0,1.0,-0.04,not_over
140,79,1,1.0,-0.04,not_over
140,79,2,1.0,-0.04,not_over
140,79,3,1.0,1.0,win
140,80,0,1.0,-0.04,not_over
140,80,1,1.0,1.0,win
140,81,0,1.0,-0.04,not_over
140,81,1,1.0,1.0,win
140,82,0,1.0,-0.04,not_over
140,82,1,1.0,1.0,win
140,83,0,1.0,-0.04,not_over
140,83,1,1.0,-0.04,not_over
140,83,2,1.0,-0.04,not_over
140,83,3,1.0,-0.04,not_over
140,83,4,1.0,1.0,win
140,84,0,1.0,-0.04,not_over
140,84,1,1.0,-0.04,not_over
140,84,2,1.0,-0.04,not_over
140,84,3,1.0,-0.04,not_over
140,84,4,1.0,1.0,win
140,85,0,1.0,-0.04,not_over
140,85,1,1.0,-0.04,not_over
140,85,2,1.0,1.0,win
140,86,0,1.0,-0.04,not_over
140,86,1,1.0,-0.04,not_over
140,86,2,1.0,1.0,win
140,87,0,1.0,-0.04,not_over
140,87,1,1.0,-0.04,not_over
140,87,2,1.0,-0.04,not_over
140,87,3,1.0,-0.04,not_over
140,87,4,1.0,-0.04,not_over
140,87,5,1.0,-0.04,not_over
140,87,6,1.0,-0.04,not_over
140,87,7,1.0,-0.04,not_over
140,87,8,1.0,1.0,win
140,88,0,1.0,-0.04,not_over
140,88,1,1.0,-0.04,not_over
140,88,2,1.0,-0.04,not_over
140,88,3,1.0,1.0,win
140,89,0,1.0,-0.04,not_over
140,89,1,1.0,-0.04,not_over
140,89,2,1.0,-0.04,not_over
140,89,3,1.0,1.0,win
140,90,0,1.0,-0.04,not_over
140,90,1,1.0,1.0,win
140,91,0,1.0,1.0,win
140,92,0,1.0,-0.04,not_over
140,92,1,1.0,-0.04,not_over
140,92,2,1.0,-0.04,not_over
140,92,3,1.0,1.0,win
140,93,0,1.0,-0.04,not_over
140,93,1,1.0,1.0,win
140,94,0,1.0,1.0,win
140,95,0,1.0,-0.04,not_over
140,95,1,1.0,-0.04,not_over
140,95,2,1.0,-0.04,not_over
140,95,3,1.0,1.0,win
140,96,0,1.0,-0.04,not_over
140,96,1,1.0,-0.04,not_over
140,96,2,1.0,-0.04,not_over
140,96,3,1.0,-0.04,not_over
140,96,4,1.0,1.0,win
140,97,0,1.0,-0.04,not_over
140,97,1,1.0,-0.04,not_over
140,97,2,1.0,1.0,win
140,98,0,1.0,-0.04,not_over
140,98,1,1.0,-0.04,not_over
140,98,2,1.0,-0.04,not_over
140,98,3,1.0,-0.04,not_over
140,98,4,1.0,1.0,win
140,99,0,1.0,-0.04,not_over
140,99,1,1.0,-0.04,not_over
140,99,2,1.0,-0.04,not_over
140,99,3,1.0,1.0,win
